D4:68:4D:3E:A6:88	-70
D4:68:4D:3E:54:98	-53
D4:68:4D:3E:59:38	-77
D4:68:4D:3E:86:68	-110
D4:68:4D:3E:87:F8	-66
D4:68:4D:3E:8C:88	-65
D4:68:4D:3E:91:D8	-46
D4:68:4D:3E:54:D8	-73
44:1C:A8:0F:72:9E	-85
D4:68:4D:3E:81:98	-55
D4:68:4D:3E:81:88	-66
00:1E:4A:90:00:20	-73
D4:68:4D:3E:A4:28	-44
D4:68:4D:3E:89:58	-85
D4:68:4D:3E:81:A8	-61
D4:68:4D:3E:77:38	-83
D4:68:4D:3E:8A:6C	-51
D4:68:4D:3E:A6:8C	-77
D4:68:4D:3E:77:3C	-110
D4:68:4D:3E:91:DC	-64
D4:68:4D:3E:59:3C	-87
D4:68:4D:3E:19:7C	-77
D4:68:4D:3E:A3:0C	-84
D4:68:4D:3E:54:8C	-110
D4:68:4D:3E:54:DC	-88
D4:68:4D:3E:82:9C	-75
D4:68:4D:3E:87:FC	-84
D4:68:4D:3E:81:9C	-59
D4:68:4D:3E:8B:4C	-110
D4:68:4D:3E:8C:8C	-78
D4:68:4D:3E:81:8C	-82
D4:68:4D:3E:A4:2C	-59
D4:68:4D:3E:A3:C8	-79
58:93:96:08:4A:18	-71
D4:68:4D:3E:54:9C	-76
D4:68:4D:3E:81:C8	-90
42:49:0F:9A:96:50	-110
D4:68:4D:3E:A7:B8	-87
D4:68:4D:3E:57:78	-110
D4:68:4D:3E:81:AC	-80
D4:68:4D:3E:58:E8	-66
D4:68:4D:3E:86:58	-110
00:1E:4A:8F:FE:30	-85
D4:68:4D:3E:78:A8	-110
D4:68:4D:3E:8B:48	-110
D4:68:4D:3E:A6:38	-110
6C:AA:B3:32:31:C8	-110
D4:68:4D:3E:8E:88	-76
00:1E:4A:90:01:70	-110
D4:68:4D:3E:8E:38	-110
00:22:6B:47:B8:32	-110
D4:68:4D:3E:A1:C8	-110
00:1E:4A:8F:F5:D0	-82
D4:68:4D:3E:58:EC	-84
D4:68:4D:3E:A5:08	-110
D4:68:4D:3E:8E:8C	-110
00:1E:4A:90:04:30	-88
D4:68:4D:3E:A6:3C	-88
58:93:96:08:4A:1C	-86
D4:68:4D:3E:89:5C	-110
50:8F:4C:A9:EF:85	-110
56:13:79:D4:3E:98	-110
D4:68:4D:3E:A7:BC	-110
D4:68:4D:3E:54:18	-110
94:F6:65:1D:EC:D8	-110
DA:32:E3:B9:FF:04	-32
D4:68:4D:3E:8A:68	-55
D4:68:4D:3E:A3:08	-61
6C:AA:B3:72:31:C8	-88
D4:68:4D:3E:87:28	-110
D4:68:4D:3E:54:88	-110
D4:68:4D:3E:19:78	-74
D4:68:4D:3E:82:98	-59
D4:68:4D:3E:A6:88	-70
D4:68:4D:3E:54:98	-48
D4:68:4D:3E:59:38	-82
D4:68:4D:3E:86:68	-110
D4:68:4D:3E:87:F8	-68
D4:68:4D:3E:8C:88	-66
D4:68:4D:3E:91:D8	-43
D4:68:4D:3E:54:D8	-80
44:1C:A8:0F:72:9E	-85
D4:68:4D:3E:81:98	-52
D4:68:4D:3E:81:88	-70
00:1E:4A:90:00:20	-72
D4:68:4D:3E:A4:28	-34
D4:68:4D:3E:89:58	-85
D4:68:4D:3E:81:A8	-58
D4:68:4D:3E:77:38	-83
D4:68:4D:3E:8A:6C	-59
D4:68:4D:3E:A6:8C	-74
D4:68:4D:3E:77:3C	-110
D4:68:4D:3E:91:DC	-59
D4:68:4D:3E:59:3C	-84
D4:68:4D:3E:19:7C	-75
D4:68:4D:3E:A3:0C	-87
D4:68:4D:3E:54:8C	-110
D4:68:4D:3E:54:DC	-85
D4:68:4D:3E:82:9C	-66
D4:68:4D:3E:87:FC	-83
D4:68:4D:3E:81:9C	-59
D4:68:4D:3E:8B:4C	-110
D4:68:4D:3E:8C:8C	-78
D4:68:4D:3E:81:8C	-83
D4:68:4D:3E:A4:2C	-70
D4:68:4D:3E:A3:C8	-83
58:93:96:08:4A:18	-71
D4:68:4D:3E:54:9C	-79
D4:68:4D:3E:81:C8	-90
42:49:0F:9A:96:50	-110
D4:68:4D:3E:A7:B8	-87
D4:68:4D:3E:57:78	-110
D4:68:4D:3E:81:AC	-82
D4:68:4D:3E:58:E8	-63
D4:68:4D:3E:86:58	-110
00:1E:4A:8F:FE:30	-85
D4:68:4D:3E:78:A8	-110
D4:68:4D:3E:8B:48	-110
D4:68:4D:3E:A6:38	-110
6C:AA:B3:32:31:C8	-110
D4:68:4D:3E:8E:88	-75
00:1E:4A:90:01:70	-110
D4:68:4D:3E:8E:38	-110
00:22:6B:47:B8:32	-110
D4:68:4D:3E:A1:C8	-110
00:1E:4A:8F:F5:D0	-82
D4:68:4D:3E:58:EC	-84
D4:68:4D:3E:A5:08	-110
D4:68:4D:3E:8E:8C	-110
00:1E:4A:90:04:30	-88
D4:68:4D:3E:A6:3C	-88
58:93:96:08:4A:1C	-86
D4:68:4D:3E:89:5C	-110
50:8F:4C:A9:EF:85	-110
56:13:79:D4:3E:98	-85
D4:68:4D:3E:A7:BC	-110
D4:68:4D:3E:54:18	-110
94:F6:65:1D:EC:D8	-110
DA:32:E3:B9:FF:04	-39
D4:68:4D:3E:8A:68	-60
D4:68:4D:3E:A3:08	-66
6C:AA:B3:72:31:C8	-88
D4:68:4D:3E:87:28	-110
D4:68:4D:3E:54:88	-110
D4:68:4D:3E:19:78	-74
D4:68:4D:3E:82:98	-59
D4:68:4D:3E:A6:88	-72
D4:68:4D:3E:54:98	-54
D4:68:4D:3E:59:38	-76
D4:68:4D:3E:86:68	-110
D4:68:4D:3E:87:F8	-73
D4:68:4D:3E:8C:88	-62
D4:68:4D:3E:91:D8	-44
D4:68:4D:3E:54:D8	-83
44:1C:A8:0F:72:9E	-85
D4:68:4D:3E:81:98	-48
D4:68:4D:3E:81:88	-68
00:1E:4A:90:00:20	-71
D4:68:4D:3E:A4:28	-76
D4:68:4D:3E:89:58	-83
D4:68:4D:3E:81:A8	-64
D4:68:4D:3E:77:38	-85
D4:68:4D:3E:8A:6C	-59
D4:68:4D:3E:A6:8C	-74
D4:68:4D:3E:77:3C	-110
D4:68:4D:3E:91:DC	-57
D4:68:4D:3E:59:3C	-86
D4:68:4D:3E:19:7C	-77
D4:68:4D:3E:A3:0C	-87
D4:68:4D:3E:54:8C	-110
D4:68:4D:3E:54:DC	-85
D4:68:4D:3E:82:9C	-68
D4:68:4D:3E:87:FC	-83
D4:68:4D:3E:81:9C	-61
D4:68:4D:3E:8B:4C	-110
D4:68:4D:3E:8C:8C	-81
D4:68:4D:3E:81:8C	-83
D4:68:4D:3E:A4:2C	-65
D4:68:4D:3E:A3:C8	-83
58:93:96:08:4A:18	-71
D4:68:4D:3E:54:9C	-78
D4:68:4D:3E:81:C8	-90
42:49:0F:9A:96:50	-110
D4:68:4D:3E:A7:B8	-86
D4:68:4D:3E:57:78	-110
D4:68:4D:3E:81:AC	-83
D4:68:4D:3E:58:E8	-63
D4:68:4D:3E:86:58	-110
00:1E:4A:8F:FE:30	-85
D4:68:4D:3E:78:A8	-110
D4:68:4D:3E:8B:48	-110
D4:68:4D:3E:A6:38	-76
6C:AA:B3:32:31:C8	-110
D4:68:4D:3E:8E:88	-82
00:1E:4A:90:01:70	-87
D4:68:4D:3E:8E:38	-110
00:22:6B:47:B8:32	-92
D4:68:4D:3E:A1:C8	-110
00:1E:4A:8F:F5:D0	-82
D4:68:4D:3E:58:EC	-83
D4:68:4D:3E:A5:08	-110
D4:68:4D:3E:8E:8C	-110
00:1E:4A:90:04:30	-88
D4:68:4D:3E:A6:3C	-88
58:93:96:08:4A:1C	-87
D4:68:4D:3E:89:5C	-110
50:8F:4C:A9:EF:85	-110
56:13:79:D4:3E:98	-85
D4:68:4D:3E:A7:BC	-110
D4:68:4D:3E:54:18	-110
94:F6:65:1D:EC:D8	-110
DA:32:E3:B9:FF:04	-23
D4:68:4D:3E:8A:68	-59
D4:68:4D:3E:A3:08	-66
6C:AA:B3:72:31:C8	-88
D4:68:4D:3E:87:28	-110
D4:68:4D:3E:54:88	-110
D4:68:4D:3E:19:78	-70
D4:68:4D:3E:82:98	-58
D4:68:4D:3E:A6:88	-73
D4:68:4D:3E:54:98	-56
D4:68:4D:3E:59:38	-76
D4:68:4D:3E:86:68	-110
D4:68:4D:3E:87:F8	-87
D4:68:4D:3E:8C:88	-64
D4:68:4D:3E:91:D8	-45
D4:68:4D:3E:54:D8	-80
44:1C:A8:0F:72:9E	-110
D4:68:4D:3E:81:98	-51
D4:68:4D:3E:81:88	-70
00:1E:4A:90:00:20	-74
D4:68:4D:3E:A4:28	-36
D4:68:4D:3E:89:58	-85
D4:68:4D:3E:81:A8	-67
D4:68:4D:3E:77:38	-85
D4:68:4D:3E:8A:6C	-57
D4:68:4D:3E:A6:8C	-73
D4:68:4D:3E:77:3C	-110
D4:68:4D:3E:91:DC	-59
D4:68:4D:3E:59:3C	-83
D4:68:4D:3E:19:7C	-75
D4:68:4D:3E:A3:0C	-84
D4:68:4D:3E:54:8C	-110
D4:68:4D:3E:54:DC	-87
D4:68:4D:3E:82:9C	-68
D4:68:4D:3E:87:FC	-82
D4:68:4D:3E:81:9C	-61
D4:68:4D:3E:8B:4C	-110
D4:68:4D:3E:8C:8C	-81
D4:68:4D:3E:81:8C	-83
D4:68:4D:3E:A4:2C	-69
D4:68:4D:3E:A3:C8	-83
58:93:96:08:4A:18	-61
D4:68:4D:3E:54:9C	-78
D4:68:4D:3E:81:C8	-90
42:49:0F:9A:96:50	-110
D4:68:4D:3E:A7:B8	-87
D4:68:4D:3E:57:78	-110
D4:68:4D:3E:81:AC	-83
D4:68:4D:3E:58:E8	-67
D4:68:4D:3E:86:58	-110
00:1E:4A:8F:FE:30	-85
D4:68:4D:3E:78:A8	-110
D4:68:4D:3E:8B:48	-110
D4:68:4D:3E:A6:38	-76
6C:AA:B3:32:31:C8	-110
D4:68:4D:3E:8E:88	-82
00:1E:4A:90:01:70	-87
D4:68:4D:3E:8E:38	-110
00:22:6B:47:B8:32	-92
D4:68:4D:3E:A1:C8	-110
00:1E:4A:8F:F5:D0	-82
D4:68:4D:3E:58:EC	-83
D4:68:4D:3E:A5:08	-110
D4:68:4D:3E:8E:8C	-110
00:1E:4A:90:04:30	-88
D4:68:4D:3E:A6:3C	-88
58:93:96:08:4A:1C	-87
D4:68:4D:3E:89:5C	-110
50:8F:4C:A9:EF:85	-110
56:13:79:D4:3E:98	-85
D4:68:4D:3E:A7:BC	-110
D4:68:4D:3E:54:18	-110
94:F6:65:1D:EC:D8	-110
DA:32:E3:B9:FF:04	-25
D4:68:4D:3E:8A:68	-64
D4:68:4D:3E:A3:08	-64
6C:AA:B3:72:31:C8	-88
D4:68:4D:3E:87:28	-110
D4:68:4D:3E:54:88	-110
D4:68:4D:3E:19:78	-70
D4:68:4D:3E:82:98	-55
D4:68:4D:3E:A6:88	-73
D4:68:4D:3E:54:98	-80
D4:68:4D:3E:59:38	-78
D4:68:4D:3E:86:68	-110
D4:68:4D:3E:87:F8	-66
D4:68:4D:3E:8C:88	-62
D4:68:4D:3E:91:D8	-47
D4:68:4D:3E:54:D8	-81
44:1C:A8:0F:72:9E	-110
D4:68:4D:3E:81:98	-48
D4:68:4D:3E:81:88	-69
00:1E:4A:90:00:20	-74
D4:68:4D:3E:A4:28	-47
D4:68:4D:3E:89:58	-85
D4:68:4D:3E:81:A8	-67
D4:68:4D:3E:77:38	-85
D4:68:4D:3E:8A:6C	-55
D4:68:4D:3E:A6:8C	-73
D4:68:4D:3E:77:3C	-110
D4:68:4D:3E:91:DC	-57
D4:68:4D:3E:59:3C	-84
D4:68:4D:3E:19:7C	-76
D4:68:4D:3E:A3:0C	-88
D4:68:4D:3E:54:8C	-110
D4:68:4D:3E:54:DC	-87
D4:68:4D:3E:82:9C	-73
D4:68:4D:3E:87:FC	-82
D4:68:4D:3E:81:9C	-64
D4:68:4D:3E:8B:4C	-110
D4:68:4D:3E:8C:8C	-81
D4:68:4D:3E:81:8C	-83
D4:68:4D:3E:A4:2C	-70
D4:68:4D:3E:A3:C8	-83
58:93:96:08:4A:18	-61
D4:68:4D:3E:54:9C	-78
D4:68:4D:3E:81:C8	-110
42:49:0F:9A:96:50	-86
D4:68:4D:3E:A7:B8	-83
D4:68:4D:3E:57:78	-110
D4:68:4D:3E:81:AC	-81
D4:68:4D:3E:58:E8	-64
D4:68:4D:3E:86:58	-110
00:1E:4A:8F:FE:30	-85
D4:68:4D:3E:78:A8	-110
D4:68:4D:3E:8B:48	-110
D4:68:4D:3E:A6:38	-76
6C:AA:B3:32:31:C8	-110
D4:68:4D:3E:8E:88	-79
00:1E:4A:90:01:70	-87
D4:68:4D:3E:8E:38	-110
00:22:6B:47:B8:32	-92
D4:68:4D:3E:A1:C8	-110
00:1E:4A:8F:F5:D0	-110
D4:68:4D:3E:58:EC	-84
D4:68:4D:3E:A5:08	-110
D4:68:4D:3E:8E:8C	-110
00:1E:4A:90:04:30	-88
D4:68:4D:3E:A6:3C	-88
58:93:96:08:4A:1C	-87
D4:68:4D:3E:89:5C	-110
50:8F:4C:A9:EF:85	-110
56:13:79:D4:3E:98	-85
D4:68:4D:3E:A7:BC	-110
D4:68:4D:3E:54:18	-110
94:F6:65:1D:EC:D8	-110
DA:32:E3:B9:FF:04	-27
D4:68:4D:3E:8A:68	-56
D4:68:4D:3E:A3:08	-64
6C:AA:B3:72:31:C8	-88
D4:68:4D:3E:87:28	-110
D4:68:4D:3E:54:88	-110
D4:68:4D:3E:19:78	-71
D4:68:4D:3E:82:98	-58
D4:68:4D:3E:A6:88	-71
D4:68:4D:3E:54:98	-58
D4:68:4D:3E:59:38	-77
D4:68:4D:3E:86:68	-110
D4:68:4D:3E:87:F8	-71
D4:68:4D:3E:8C:88	-61
D4:68:4D:3E:91:D8	-51
D4:68:4D:3E:54:D8	-77
44:1C:A8:0F:72:9E	-110
D4:68:4D:3E:81:98	-45
D4:68:4D:3E:81:88	-72
00:1E:4A:90:00:20	-74
D4:68:4D:3E:A4:28	-44
D4:68:4D:3E:89:58	-85
D4:68:4D:3E:81:A8	-67
D4:68:4D:3E:77:38	-85
D4:68:4D:3E:8A:6C	-56
D4:68:4D:3E:A6:8C	-72
D4:68:4D:3E:77:3C	-110
D4:68:4D:3E:91:DC	-60
D4:68:4D:3E:59:3C	-85
D4:68:4D:3E:19:7C	-74
D4:68:4D:3E:A3:0C	-87
D4:68:4D:3E:54:8C	-110
D4:68:4D:3E:54:DC	-86
D4:68:4D:3E:82:9C	-70
D4:68:4D:3E:87:FC	-84
D4:68:4D:3E:81:9C	-64
D4:68:4D:3E:8B:4C	-110
D4:68:4D:3E:8C:8C	-79
D4:68:4D:3E:81:8C	-83
D4:68:4D:3E:A4:2C	-73
D4:68:4D:3E:A3:C8	-85
58:93:96:08:4A:18	-60
D4:68:4D:3E:54:9C	-80
D4:68:4D:3E:81:C8	-110
42:49:0F:9A:96:50	-86
D4:68:4D:3E:A7:B8	-83
D4:68:4D:3E:57:78	-110
D4:68:4D:3E:81:AC	-81
D4:68:4D:3E:58:E8	-66
D4:68:4D:3E:86:58	-110
00:1E:4A:8F:FE:30	-85
D4:68:4D:3E:78:A8	-110
D4:68:4D:3E:8B:48	-110
D4:68:4D:3E:A6:38	-76
6C:AA:B3:32:31:C8	-110
D4:68:4D:3E:8E:88	-79
00:1E:4A:90:01:70	-87
D4:68:4D:3E:8E:38	-110
00:22:6B:47:B8:32	-92
D4:68:4D:3E:A1:C8	-110
00:1E:4A:8F:F5:D0	-110
D4:68:4D:3E:58:EC	-83
D4:68:4D:3E:A5:08	-110
D4:68:4D:3E:8E:8C	-110
00:1E:4A:90:04:30	-88
D4:68:4D:3E:A6:3C	-88
58:93:96:08:4A:1C	-87
D4:68:4D:3E:89:5C	-110
50:8F:4C:A9:EF:85	-110
56:13:79:D4:3E:98	-85
D4:68:4D:3E:A7:BC	-110
D4:68:4D:3E:54:18	-110
94:F6:65:1D:EC:D8	-110
DA:32:E3:B9:FF:04	-34
D4:68:4D:3E:8A:68	-61
D4:68:4D:3E:A3:08	-67
6C:AA:B3:72:31:C8	-110
D4:68:4D:3E:87:28	-110
D4:68:4D:3E:54:88	-110
D4:68:4D:3E:19:78	-69
D4:68:4D:3E:82:98	-58
D4:68:4D:3E:A6:88	-73
D4:68:4D:3E:54:98	-54
D4:68:4D:3E:59:38	-74
D4:68:4D:3E:86:68	-110
D4:68:4D:3E:87:F8	-74
D4:68:4D:3E:8C:88	-64
D4:68:4D:3E:91:D8	-43
D4:68:4D:3E:54:D8	-79
44:1C:A8:0F:72:9E	-85
D4:68:4D:3E:81:98	-51
D4:68:4D:3E:81:88	-69
00:1E:4A:90:00:20	-74
D4:68:4D:3E:A4:28	-34
D4:68:4D:3E:89:58	-86
D4:68:4D:3E:81:A8	-67
D4:68:4D:3E:77:38	-85
D4:68:4D:3E:8A:6C	-58
D4:68:4D:3E:A6:8C	-73
D4:68:4D:3E:77:3C	-110
D4:68:4D:3E:91:DC	-59
D4:68:4D:3E:59:3C	-85
D4:68:4D:3E:19:7C	-76
D4:68:4D:3E:A3:0C	-87
D4:68:4D:3E:54:8C	-110
D4:68:4D:3E:54:DC	-86
D4:68:4D:3E:82:9C	-68
D4:68:4D:3E:87:FC	-82
D4:68:4D:3E:81:9C	-64
D4:68:4D:3E:8B:4C	-110
D4:68:4D:3E:8C:8C	-80
D4:68:4D:3E:81:8C	-82
D4:68:4D:3E:A4:2C	-73
D4:68:4D:3E:A3:C8	-85
58:93:96:08:4A:18	-60
D4:68:4D:3E:54:9C	-78
D4:68:4D:3E:81:C8	-110
42:49:0F:9A:96:50	-86
D4:68:4D:3E:A7:B8	-83
D4:68:4D:3E:57:78	-110
D4:68:4D:3E:81:AC	-81
D4:68:4D:3E:58:E8	-64
D4:68:4D:3E:86:58	-110
00:1E:4A:8F:FE:30	-85
D4:68:4D:3E:78:A8	-110
D4:68:4D:3E:8B:48	-110
D4:68:4D:3E:A6:38	-76
6C:AA:B3:32:31:C8	-110
D4:68:4D:3E:8E:88	-79
00:1E:4A:90:01:70	-87
D4:68:4D:3E:8E:38	-110
00:22:6B:47:B8:32	-92
D4:68:4D:3E:A1:C8	-110
00:1E:4A:8F:F5:D0	-110
D4:68:4D:3E:58:EC	-83
D4:68:4D:3E:A5:08	-110
D4:68:4D:3E:8E:8C	-110
00:1E:4A:90:04:30	-89
D4:68:4D:3E:A6:3C	-110
58:93:96:08:4A:1C	-87
D4:68:4D:3E:89:5C	-110
50:8F:4C:A9:EF:85	-110
56:13:79:D4:3E:98	-110
D4:68:4D:3E:A7:BC	-110
D4:68:4D:3E:54:18	-110
94:F6:65:1D:EC:D8	-110
DA:32:E3:B9:FF:04	-33
D4:68:4D:3E:8A:68	-60
D4:68:4D:3E:A3:08	-66
6C:AA:B3:72:31:C8	-88
D4:68:4D:3E:87:28	-110
D4:68:4D:3E:54:88	-110
D4:68:4D:3E:19:78	-68
D4:68:4D:3E:82:98	-56
D4:68:4D:3E:A6:88	-72
D4:68:4D:3E:54:98	-53
D4:68:4D:3E:59:38	-75
D4:68:4D:3E:86:68	-110
D4:68:4D:3E:87:F8	-73
D4:68:4D:3E:8C:88	-62
D4:68:4D:3E:91:D8	-48
D4:68:4D:3E:54:D8	-79
44:1C:A8:0F:72:9E	-85
D4:68:4D:3E:81:98	-52
D4:68:4D:3E:81:88	-72
00:1E:4A:90:00:20	-80
D4:68:4D:3E:A4:28	-36
D4:68:4D:3E:89:58	-86
D4:68:4D:3E:81:A8	-63
D4:68:4D:3E:77:38	-110
D4:68:4D:3E:8A:6C	-57
D4:68:4D:3E:A6:8C	-73
D4:68:4D:3E:77:3C	-110
D4:68:4D:3E:91:DC	-57
D4:68:4D:3E:59:3C	-85
D4:68:4D:3E:19:7C	-76
D4:68:4D:3E:A3:0C	-90
D4:68:4D:3E:54:8C	-110
D4:68:4D:3E:54:DC	-85
D4:68:4D:3E:82:9C	-72
D4:68:4D:3E:87:FC	-82
D4:68:4D:3E:81:9C	-64
D4:68:4D:3E:8B:4C	-110
D4:68:4D:3E:8C:8C	-80
D4:68:4D:3E:81:8C	-86
D4:68:4D:3E:A4:2C	-69
D4:68:4D:3E:A3:C8	-84
58:93:96:08:4A:18	-61
D4:68:4D:3E:54:9C	-78
D4:68:4D:3E:81:C8	-110
42:49:0F:9A:96:50	-86
D4:68:4D:3E:A7:B8	-83
D4:68:4D:3E:57:78	-110
D4:68:4D:3E:81:AC	-81
D4:68:4D:3E:58:E8	-66
D4:68:4D:3E:86:58	-110
00:1E:4A:8F:FE:30	-85
D4:68:4D:3E:78:A8	-110
D4:68:4D:3E:8B:48	-110
D4:68:4D:3E:A6:38	-76
6C:AA:B3:32:31:C8	-110
D4:68:4D:3E:8E:88	-79
00:1E:4A:90:01:70	-87
D4:68:4D:3E:8E:38	-110
00:22:6B:47:B8:32	-110
D4:68:4D:3E:A1:C8	-110
00:1E:4A:8F:F5:D0	-110
D4:68:4D:3E:58:EC	-85
D4:68:4D:3E:A5:08	-110
D4:68:4D:3E:8E:8C	-110
00:1E:4A:90:04:30	-89
D4:68:4D:3E:A6:3C	-110
58:93:96:08:4A:1C	-88
D4:68:4D:3E:89:5C	-110
50:8F:4C:A9:EF:85	-110
56:13:79:D4:3E:98	-110
D4:68:4D:3E:A7:BC	-110
D4:68:4D:3E:54:18	-110
94:F6:65:1D:EC:D8	-110
DA:32:E3:B9:FF:04	-30
D4:68:4D:3E:8A:68	-58
D4:68:4D:3E:A3:08	-65
6C:AA:B3:72:31:C8	-88
D4:68:4D:3E:87:28	-110
D4:68:4D:3E:54:88	-110
D4:68:4D:3E:19:78	-70
D4:68:4D:3E:82:98	-58
D4:68:4D:3E:A6:88	-73
D4:68:4D:3E:54:98	-81
D4:68:4D:3E:59:38	-77
D4:68:4D:3E:86:68	-110
D4:68:4D:3E:87:F8	-73
D4:68:4D:3E:8C:88	-63
D4:68:4D:3E:91:D8	-44
D4:68:4D:3E:54:D8	-79
44:1C:A8:0F:72:9E	-85
D4:68:4D:3E:81:98	-53
D4:68:4D:3E:81:88	-70
00:1E:4A:90:00:20	-75
D4:68:4D:3E:A4:28	-35
D4:68:4D:3E:89:58	-86
D4:68:4D:3E:81:A8	-65
D4:68:4D:3E:77:38	-110
D4:68:4D:3E:8A:6C	-57
D4:68:4D:3E:A6:8C	-73
D4:68:4D:3E:77:3C	-110
D4:68:4D:3E:91:DC	-59
D4:68:4D:3E:59:3C	-85
D4:68:4D:3E:19:7C	-74
D4:68:4D:3E:A3:0C	-87
D4:68:4D:3E:54:8C	-110
D4:68:4D:3E:54:DC	-86
D4:68:4D:3E:82:9C	-70
D4:68:4D:3E:87:FC	-81
D4:68:4D:3E:81:9C	-64
D4:68:4D:3E:8B:4C	-110
D4:68:4D:3E:8C:8C	-82
D4:68:4D:3E:81:8C	-86
D4:68:4D:3E:A4:2C	-70
D4:68:4D:3E:A3:C8	-84
58:93:96:08:4A:18	-61
D4:68:4D:3E:54:9C	-80
D4:68:4D:3E:81:C8	-110
42:49:0F:9A:96:50	-86
D4:68:4D:3E:A7:B8	-83
D4:68:4D:3E:57:78	-110
D4:68:4D:3E:81:AC	-82
D4:68:4D:3E:58:E8	-65
D4:68:4D:3E:86:58	-110
00:1E:4A:8F:FE:30	-85
D4:68:4D:3E:78:A8	-110
D4:68:4D:3E:8B:48	-110
D4:68:4D:3E:A6:38	-76
6C:AA:B3:32:31:C8	-110
D4:68:4D:3E:8E:88	-82
00:1E:4A:90:01:70	-87
D4:68:4D:3E:8E:38	-110
00:22:6B:47:B8:32	-110
D4:68:4D:3E:A1:C8	-110
00:1E:4A:8F:F5:D0	-110
D4:68:4D:3E:58:EC	-84
D4:68:4D:3E:A5:08	-110
D4:68:4D:3E:8E:8C	-110
00:1E:4A:90:04:30	-88
D4:68:4D:3E:A6:3C	-110
58:93:96:08:4A:1C	-86
D4:68:4D:3E:89:5C	-110
50:8F:4C:A9:EF:85	-110
56:13:79:D4:3E:98	-110
D4:68:4D:3E:A7:BC	-110
D4:68:4D:3E:54:18	-110
94:F6:65:1D:EC:D8	-110
DA:32:E3:B9:FF:04	-34
D4:68:4D:3E:8A:68	-85
D4:68:4D:3E:A3:08	-66
6C:AA:B3:72:31:C8	-88
D4:68:4D:3E:87:28	-110
D4:68:4D:3E:54:88	-110
D4:68:4D:3E:19:78	-70
D4:68:4D:3E:82:98	-59
D4:68:4D:3E:A6:88	-71
D4:68:4D:3E:54:98	-53
D4:68:4D:3E:59:38	-77
D4:68:4D:3E:86:68	-110
D4:68:4D:3E:87:F8	-73
D4:68:4D:3E:8C:88	-62
D4:68:4D:3E:91:D8	-47
D4:68:4D:3E:54:D8	-85
44:1C:A8:0F:72:9E	-85
D4:68:4D:3E:81:98	-52
D4:68:4D:3E:81:88	-73
00:1E:4A:90:00:20	-75
D4:68:4D:3E:A4:28	-34
D4:68:4D:3E:89:58	-86
D4:68:4D:3E:81:A8	-65
D4:68:4D:3E:77:38	-110
D4:68:4D:3E:8A:6C	-62
D4:68:4D:3E:A6:8C	-73
D4:68:4D:3E:77:3C	-110
D4:68:4D:3E:91:DC	-59
D4:68:4D:3E:59:3C	-85
D4:68:4D:3E:19:7C	-77
D4:68:4D:3E:A3:0C	-87
D4:68:4D:3E:54:8C	-110
D4:68:4D:3E:54:DC	-86
D4:68:4D:3E:82:9C	-70
D4:68:4D:3E:87:FC	-82
D4:68:4D:3E:81:9C	-64
D4:68:4D:3E:8B:4C	-110
D4:68:4D:3E:8C:8C	-78
D4:68:4D:3E:81:8C	-86
D4:68:4D:3E:A4:2C	-69
D4:68:4D:3E:A3:C8	-85
58:93:96:08:4A:18	-58
D4:68:4D:3E:54:9C	-78
D4:68:4D:3E:81:C8	-110
42:49:0F:9A:96:50	-110
D4:68:4D:3E:A7:B8	-85
D4:68:4D:3E:57:78	-110
D4:68:4D:3E:81:AC	-82
D4:68:4D:3E:58:E8	-66
D4:68:4D:3E:86:58	-110
00:1E:4A:8F:FE:30	-85
D4:68:4D:3E:78:A8	-110
D4:68:4D:3E:8B:48	-110
D4:68:4D:3E:A6:38	-76
6C:AA:B3:32:31:C8	-110
D4:68:4D:3E:8E:88	-82
00:1E:4A:90:01:70	-87
D4:68:4D:3E:8E:38	-110
00:22:6B:47:B8:32	-110
D4:68:4D:3E:A1:C8	-110
00:1E:4A:8F:F5:D0	-84
D4:68:4D:3E:58:EC	-82
D4:68:4D:3E:A5:08	-110
D4:68:4D:3E:8E:8C	-110
00:1E:4A:90:04:30	-89
D4:68:4D:3E:A6:3C	-110
58:93:96:08:4A:1C	-88
D4:68:4D:3E:89:5C	-110
50:8F:4C:A9:EF:85	-110
56:13:79:D4:3E:98	-110
D4:68:4D:3E:A7:BC	-110
D4:68:4D:3E:54:18	-110
94:F6:65:1D:EC:D8	-110
DA:32:E3:B9:FF:04	-32
D4:68:4D:3E:8A:68	-58
D4:68:4D:3E:A3:08	-65
6C:AA:B3:72:31:C8	-88
D4:68:4D:3E:87:28	-110
D4:68:4D:3E:54:88	-110
D4:68:4D:3E:19:78	-90
D4:68:4D:3E:82:98	-59
D4:68:4D:3E:A6:88	-70
D4:68:4D:3E:54:98	-54
D4:68:4D:3E:59:38	-77
D4:68:4D:3E:86:68	-110
D4:68:4D:3E:87:F8	-74
D4:68:4D:3E:8C:88	-61
D4:68:4D:3E:91:D8	-48
D4:68:4D:3E:54:D8	-85
44:1C:A8:0F:72:9E	-85
D4:68:4D:3E:81:98	-53
D4:68:4D:3E:81:88	-70
00:1E:4A:90:00:20	-75
D4:68:4D:3E:A4:28	-35
D4:68:4D:3E:89:58	-86
D4:68:4D:3E:81:A8	-64
D4:68:4D:3E:77:38	-110
D4:68:4D:3E:8A:6C	-57
D4:68:4D:3E:A6:8C	-73
D4:68:4D:3E:77:3C	-110
D4:68:4D:3E:91:DC	-59
D4:68:4D:3E:59:3C	-86
D4:68:4D:3E:19:7C	-76
D4:68:4D:3E:A3:0C	-87
D4:68:4D:3E:54:8C	-110
D4:68:4D:3E:54:DC	-86
D4:68:4D:3E:82:9C	-70
D4:68:4D:3E:87:FC	-82
D4:68:4D:3E:81:9C	-61
D4:68:4D:3E:8B:4C	-110
D4:68:4D:3E:8C:8C	-83
D4:68:4D:3E:81:8C	-86
D4:68:4D:3E:A4:2C	-70
D4:68:4D:3E:A3:C8	-85
58:93:96:08:4A:18	-58
D4:68:4D:3E:54:9C	-78
D4:68:4D:3E:81:C8	-110
42:49:0F:9A:96:50	-110
D4:68:4D:3E:A7:B8	-85
D4:68:4D:3E:57:78	-110
D4:68:4D:3E:81:AC	-84
D4:68:4D:3E:58:E8	-64
D4:68:4D:3E:86:58	-110
00:1E:4A:8F:FE:30	-85
D4:68:4D:3E:78:A8	-110
D4:68:4D:3E:8B:48	-110
D4:68:4D:3E:A6:38	-75
6C:AA:B3:32:31:C8	-110
D4:68:4D:3E:8E:88	-81
00:1E:4A:90:01:70	-87
D4:68:4D:3E:8E:38	-110
00:22:6B:47:B8:32	-90
D4:68:4D:3E:A1:C8	-110
00:1E:4A:8F:F5:D0	-85
D4:68:4D:3E:58:EC	-83
D4:68:4D:3E:A5:08	-110
D4:68:4D:3E:8E:8C	-110
00:1E:4A:90:04:30	-89
D4:68:4D:3E:A6:3C	-110
58:93:96:08:4A:1C	-88
D4:68:4D:3E:89:5C	-110
50:8F:4C:A9:EF:85	-110
56:13:79:D4:3E:98	-110
D4:68:4D:3E:A7:BC	-110
D4:68:4D:3E:54:18	-110
94:F6:65:1D:EC:D8	-110
DA:32:E3:B9:FF:04	-29
D4:68:4D:3E:8A:68	-58
D4:68:4D:3E:A3:08	-65
6C:AA:B3:72:31:C8	-88
D4:68:4D:3E:87:28	-110
D4:68:4D:3E:54:88	-110
D4:68:4D:3E:19:78	-90
D4:68:4D:3E:82:98	-58
D4:68:4D:3E:A6:88	-73
D4:68:4D:3E:54:98	-54
D4:68:4D:3E:59:38	-77
D4:68:4D:3E:86:68	-110
D4:68:4D:3E:87:F8	-90
D4:68:4D:3E:8C:88	-62
D4:68:4D:3E:91:D8	-45
D4:68:4D:3E:54:D8	-84
44:1C:A8:0F:72:9E	-85
D4:68:4D:3E:81:98	-52
D4:68:4D:3E:81:88	-72
00:1E:4A:90:00:20	-75
D4:68:4D:3E:A4:28	-32
D4:68:4D:3E:89:58	-110
D4:68:4D:3E:81:A8	-68
D4:68:4D:3E:77:38	-110
D4:68:4D:3E:8A:6C	-61
D4:68:4D:3E:A6:8C	-73
D4:68:4D:3E:77:3C	-110
D4:68:4D:3E:91:DC	-58
D4:68:4D:3E:59:3C	-86
D4:68:4D:3E:19:7C	-76
D4:68:4D:3E:A3:0C	-86
D4:68:4D:3E:54:8C	-110
D4:68:4D:3E:54:DC	-85
D4:68:4D:3E:82:9C	-70
D4:68:4D:3E:87:FC	-82
D4:68:4D:3E:81:9C	-67
D4:68:4D:3E:8B:4C	-110
D4:68:4D:3E:8C:8C	-81
D4:68:4D:3E:81:8C	-86
D4:68:4D:3E:A4:2C	-69
D4:68:4D:3E:A3:C8	-84
58:93:96:08:4A:18	-66
D4:68:4D:3E:54:9C	-79
D4:68:4D:3E:81:C8	-110
42:49:0F:9A:96:50	-110
D4:68:4D:3E:A7:B8	-81
D4:68:4D:3E:57:78	-110
D4:68:4D:3E:81:AC	-83
D4:68:4D:3E:58:E8	-66
D4:68:4D:3E:86:58	-110
00:1E:4A:8F:FE:30	-85
D4:68:4D:3E:78:A8	-110
D4:68:4D:3E:8B:48	-110
D4:68:4D:3E:A6:38	-75
6C:AA:B3:32:31:C8	-110
D4:68:4D:3E:8E:88	-80
00:1E:4A:90:01:70	-87
D4:68:4D:3E:8E:38	-110
00:22:6B:47:B8:32	-90
D4:68:4D:3E:A1:C8	-110
00:1E:4A:8F:F5:D0	-85
D4:68:4D:3E:58:EC	-84
D4:68:4D:3E:A5:08	-110
D4:68:4D:3E:8E:8C	-110
00:1E:4A:90:04:30	-89
D4:68:4D:3E:A6:3C	-88
58:93:96:08:4A:1C	-87
D4:68:4D:3E:89:5C	-110
50:8F:4C:A9:EF:85	-110
56:13:79:D4:3E:98	-110
D4:68:4D:3E:A7:BC	-110
D4:68:4D:3E:54:18	-110
94:F6:65:1D:EC:D8	-110
DA:32:E3:B9:FF:04	-28
D4:68:4D:3E:8A:68	-58
D4:68:4D:3E:A3:08	-67
