00:1E:4A:8F:F5:D0	-86
00:1E:4A:8F:F5:D0	-86
00:1E:4A:8F:F5:D0	-86
00:1E:4A:8F:F5:D0	-86
00:1E:4A:8F:F5:D0	-86
00:1E:4A:8F:F5:D0	-86
00:1E:4A:8F:F5:D0	-86
00:1E:4A:8F:F5:D0	-110
00:1E:4A:8F:F5:D0	-110
00:1E:4A:8F:F5:D0	-110
00:1E:4A:8F:F5:D0	-110
00:1E:4A:8F:F5:D0	-110
00:1E:4A:8F:FE:30	-79
00:1E:4A:8F:FE:30	-79
00:1E:4A:8F:FE:30	-110
00:1E:4A:8F:FE:30	-110
00:1E:4A:8F:FE:30	-110
00:1E:4A:8F:FE:30	-110
00:1E:4A:8F:FE:30	-110
00:1E:4A:8F:FE:30	-110
00:1E:4A:8F:FE:30	-110
00:1E:4A:8F:FE:30	-110
00:1E:4A:8F:FE:30	-110
00:1E:4A:8F:FE:30	-110
00:1E:4A:90:00:20	-72
00:1E:4A:90:00:20	-72
00:1E:4A:90:00:20	-72
00:1E:4A:90:00:20	-72
00:1E:4A:90:00:20	-76
00:1E:4A:90:00:20	-76
00:1E:4A:90:00:20	-76
00:1E:4A:90:00:20	-76
00:1E:4A:90:00:20	-83
00:1E:4A:90:00:20	-83
00:1E:4A:90:00:20	-110
00:1E:4A:90:00:20	-110
00:1E:4A:90:01:70	-110
00:1E:4A:90:01:70	-110
00:1E:4A:90:01:70	-110
00:1E:4A:90:01:70	-110
00:1E:4A:90:01:70	-110
00:1E:4A:90:01:70	-110
00:1E:4A:90:01:70	-110
00:1E:4A:90:01:70	-110
00:1E:4A:90:01:70	-110
00:1E:4A:90:01:70	-110
00:1E:4A:90:01:70	-110
00:1E:4A:90:01:70	-110
00:22:6B:47:B8:32	-85
00:22:6B:47:B8:32	-85
00:22:6B:47:B8:32	-86
00:22:6B:47:B8:32	-86
00:22:6B:47:B8:32	-86
00:22:6B:47:B8:32	-86
00:22:6B:47:B8:32	-86
00:22:6B:47:B8:32	-86
00:22:6B:47:B8:32	-86
00:22:6B:47:B8:32	-88
00:22:6B:47:B8:32	-88
00:22:6B:47:B8:32	-110
42:49:0F:9A:96:50	-88
42:49:0F:9A:96:50	-88
42:49:0F:9A:96:50	-88
42:49:0F:9A:96:50	-88
42:49:0F:9A:96:50	-110
42:49:0F:9A:96:50	-110
42:49:0F:9A:96:50	-110
42:49:0F:9A:96:50	-110
42:49:0F:9A:96:50	-110
42:49:0F:9A:96:50	-110
42:49:0F:9A:96:50	-110
42:49:0F:9A:96:50	-110
44:1C:A8:0F:72:9E	-71
44:1C:A8:0F:72:9E	-71
44:1C:A8:0F:72:9E	-71
44:1C:A8:0F:72:9E	-71
44:1C:A8:0F:72:9E	-71
44:1C:A8:0F:72:9E	-74
44:1C:A8:0F:72:9E	-74
44:1C:A8:0F:72:9E	-74
44:1C:A8:0F:72:9E	-74
44:1C:A8:0F:72:9E	-75
44:1C:A8:0F:72:9E	-75
44:1C:A8:0F:72:9E	-78
58:93:96:08:4A:18	-69
58:93:96:08:4A:18	-70
58:93:96:08:4A:18	-70
58:93:96:08:4A:18	-70
58:93:96:08:4A:18	-72
58:93:96:08:4A:18	-74
58:93:96:08:4A:18	-76
58:93:96:08:4A:18	-76
58:93:96:08:4A:18	-77
58:93:96:08:4A:18	-78
58:93:96:08:4A:18	-78
58:93:96:08:4A:18	-79
6C:AA:B3:32:31:C8	-110
6C:AA:B3:32:31:C8	-110
6C:AA:B3:32:31:C8	-110
6C:AA:B3:32:31:C8	-110
6C:AA:B3:32:31:C8	-110
6C:AA:B3:32:31:C8	-110
6C:AA:B3:32:31:C8	-110
6C:AA:B3:32:31:C8	-110
6C:AA:B3:32:31:C8	-110
6C:AA:B3:32:31:C8	-110
6C:AA:B3:32:31:C8	-110
6C:AA:B3:32:31:C8	-110
6C:AA:B3:72:31:C8	-110
6C:AA:B3:72:31:C8	-110
6C:AA:B3:72:31:C8	-110
6C:AA:B3:72:31:C8	-110
6C:AA:B3:72:31:C8	-110
6C:AA:B3:72:31:C8	-110
6C:AA:B3:72:31:C8	-110
6C:AA:B3:72:31:C8	-110
6C:AA:B3:72:31:C8	-110
6C:AA:B3:72:31:C8	-110
6C:AA:B3:72:31:C8	-110
6C:AA:B3:72:31:C8	-110
D4:68:4D:3E:19:78	-71
D4:68:4D:3E:19:78	-71
D4:68:4D:3E:19:78	-72
D4:68:4D:3E:19:78	-72
D4:68:4D:3E:19:78	-72
D4:68:4D:3E:19:78	-72
D4:68:4D:3E:19:78	-72
D4:68:4D:3E:19:78	-72
D4:68:4D:3E:19:78	-72
D4:68:4D:3E:19:78	-73
D4:68:4D:3E:19:78	-73
D4:68:4D:3E:19:78	-74
D4:68:4D:3E:19:7C	-84
D4:68:4D:3E:19:7C	-85
D4:68:4D:3E:19:7C	-85
D4:68:4D:3E:19:7C	-86
D4:68:4D:3E:19:7C	-86
D4:68:4D:3E:19:7C	-86
D4:68:4D:3E:19:7C	-86
D4:68:4D:3E:19:7C	-87
D4:68:4D:3E:19:7C	-87
D4:68:4D:3E:19:7C	-87
D4:68:4D:3E:19:7C	-87
D4:68:4D:3E:19:7C	-88
D4:68:4D:3E:54:88	-110
D4:68:4D:3E:54:88	-110
D4:68:4D:3E:54:88	-110
D4:68:4D:3E:54:88	-110
D4:68:4D:3E:54:88	-110
D4:68:4D:3E:54:88	-110
D4:68:4D:3E:54:88	-110
D4:68:4D:3E:54:88	-110
D4:68:4D:3E:54:88	-110
D4:68:4D:3E:54:88	-110
D4:68:4D:3E:54:88	-110
D4:68:4D:3E:54:88	-110
D4:68:4D:3E:54:8C	-89
D4:68:4D:3E:54:8C	-89
D4:68:4D:3E:54:8C	-89
D4:68:4D:3E:54:8C	-89
D4:68:4D:3E:54:8C	-89
D4:68:4D:3E:54:8C	-89
D4:68:4D:3E:54:8C	-90
D4:68:4D:3E:54:8C	-91
D4:68:4D:3E:54:8C	-91
D4:68:4D:3E:54:8C	-91
D4:68:4D:3E:54:8C	-91
D4:68:4D:3E:54:8C	-91
D4:68:4D:3E:54:98	-53
D4:68:4D:3E:54:98	-56
D4:68:4D:3E:54:98	-56
D4:68:4D:3E:54:98	-56
D4:68:4D:3E:54:98	-56
D4:68:4D:3E:54:98	-57
D4:68:4D:3E:54:98	-57
D4:68:4D:3E:54:98	-57
D4:68:4D:3E:54:98	-58
D4:68:4D:3E:54:98	-58
D4:68:4D:3E:54:98	-58
D4:68:4D:3E:54:98	-59
D4:68:4D:3E:54:9C	-80
D4:68:4D:3E:54:9C	-80
D4:68:4D:3E:54:9C	-81
D4:68:4D:3E:54:9C	-81
D4:68:4D:3E:54:9C	-81
D4:68:4D:3E:54:9C	-82
D4:68:4D:3E:54:9C	-82
D4:68:4D:3E:54:9C	-82
D4:68:4D:3E:54:9C	-82
D4:68:4D:3E:54:9C	-82
D4:68:4D:3E:54:9C	-83
D4:68:4D:3E:54:9C	-85
D4:68:4D:3E:54:D8	-80
D4:68:4D:3E:54:D8	-80
D4:68:4D:3E:54:D8	-82
D4:68:4D:3E:54:D8	-82
D4:68:4D:3E:54:D8	-83
D4:68:4D:3E:54:D8	-83
D4:68:4D:3E:54:D8	-85
D4:68:4D:3E:54:D8	-85
D4:68:4D:3E:54:D8	-86
D4:68:4D:3E:54:D8	-86
D4:68:4D:3E:54:D8	-87
D4:68:4D:3E:54:D8	-87
D4:68:4D:3E:54:DC	-110
D4:68:4D:3E:54:DC	-110
D4:68:4D:3E:54:DC	-110
D4:68:4D:3E:54:DC	-110
D4:68:4D:3E:54:DC	-110
D4:68:4D:3E:54:DC	-110
D4:68:4D:3E:54:DC	-110
D4:68:4D:3E:54:DC	-110
D4:68:4D:3E:54:DC	-110
D4:68:4D:3E:54:DC	-110
D4:68:4D:3E:54:DC	-110
D4:68:4D:3E:54:DC	-110
D4:68:4D:3E:57:78	-110
D4:68:4D:3E:57:78	-110
D4:68:4D:3E:57:78	-110
D4:68:4D:3E:57:78	-110
D4:68:4D:3E:57:78	-110
D4:68:4D:3E:57:78	-110
D4:68:4D:3E:57:78	-110
D4:68:4D:3E:57:78	-110
D4:68:4D:3E:57:78	-110
D4:68:4D:3E:57:78	-110
D4:68:4D:3E:57:78	-110
D4:68:4D:3E:57:78	-110
D4:68:4D:3E:58:E8	-73
D4:68:4D:3E:58:E8	-74
D4:68:4D:3E:58:E8	-74
D4:68:4D:3E:58:E8	-74
D4:68:4D:3E:58:E8	-74
D4:68:4D:3E:58:E8	-75
D4:68:4D:3E:58:E8	-76
D4:68:4D:3E:58:E8	-76
D4:68:4D:3E:58:E8	-78
D4:68:4D:3E:58:E8	-83
D4:68:4D:3E:58:E8	-110
D4:68:4D:3E:58:E8	-110
D4:68:4D:3E:58:EC	-85
D4:68:4D:3E:58:EC	-86
D4:68:4D:3E:58:EC	-86
D4:68:4D:3E:58:EC	-86
D4:68:4D:3E:58:EC	-86
D4:68:4D:3E:58:EC	-86
D4:68:4D:3E:58:EC	-87
D4:68:4D:3E:58:EC	-87
D4:68:4D:3E:58:EC	-87
D4:68:4D:3E:58:EC	-87
D4:68:4D:3E:58:EC	-87
D4:68:4D:3E:58:EC	-87
D4:68:4D:3E:59:38	-76
D4:68:4D:3E:59:38	-76
D4:68:4D:3E:59:38	-76
D4:68:4D:3E:59:38	-76
D4:68:4D:3E:59:38	-76
D4:68:4D:3E:59:38	-77
D4:68:4D:3E:59:38	-77
D4:68:4D:3E:59:38	-77
D4:68:4D:3E:59:38	-77
D4:68:4D:3E:59:38	-77
D4:68:4D:3E:59:38	-77
D4:68:4D:3E:59:38	-77
D4:68:4D:3E:59:3C	-82
D4:68:4D:3E:59:3C	-82
D4:68:4D:3E:59:3C	-82
D4:68:4D:3E:59:3C	-83
D4:68:4D:3E:59:3C	-83
D4:68:4D:3E:59:3C	-83
D4:68:4D:3E:59:3C	-83
D4:68:4D:3E:59:3C	-83
D4:68:4D:3E:59:3C	-83
D4:68:4D:3E:59:3C	-83
D4:68:4D:3E:59:3C	-83
D4:68:4D:3E:59:3C	-84
D4:68:4D:3E:77:38	-84
D4:68:4D:3E:77:38	-84
D4:68:4D:3E:77:38	-84
D4:68:4D:3E:77:38	-84
D4:68:4D:3E:77:38	-85
D4:68:4D:3E:77:38	-85
D4:68:4D:3E:77:38	-86
D4:68:4D:3E:77:38	-86
D4:68:4D:3E:77:38	-87
D4:68:4D:3E:77:38	-87
D4:68:4D:3E:77:38	-110
D4:68:4D:3E:77:38	-110
D4:68:4D:3E:77:3C	-110
D4:68:4D:3E:77:3C	-110
D4:68:4D:3E:77:3C	-110
D4:68:4D:3E:77:3C	-110
D4:68:4D:3E:77:3C	-110
D4:68:4D:3E:77:3C	-110
D4:68:4D:3E:77:3C	-110
D4:68:4D:3E:77:3C	-110
D4:68:4D:3E:77:3C	-110
D4:68:4D:3E:77:3C	-110
D4:68:4D:3E:77:3C	-110
D4:68:4D:3E:77:3C	-110
D4:68:4D:3E:78:A8	-110
D4:68:4D:3E:78:A8	-110
D4:68:4D:3E:78:A8	-110
D4:68:4D:3E:78:A8	-110
D4:68:4D:3E:78:A8	-110
D4:68:4D:3E:78:A8	-110
D4:68:4D:3E:78:A8	-110
D4:68:4D:3E:78:A8	-110
D4:68:4D:3E:78:A8	-110
D4:68:4D:3E:78:A8	-110
D4:68:4D:3E:78:A8	-110
D4:68:4D:3E:78:A8	-110
D4:68:4D:3E:81:88	-59
D4:68:4D:3E:81:88	-59
D4:68:4D:3E:81:88	-60
D4:68:4D:3E:81:88	-61
D4:68:4D:3E:81:88	-63
D4:68:4D:3E:81:88	-64
D4:68:4D:3E:81:88	-64
D4:68:4D:3E:81:88	-65
D4:68:4D:3E:81:88	-65
D4:68:4D:3E:81:88	-65
D4:68:4D:3E:81:88	-65
D4:68:4D:3E:81:88	-110
D4:68:4D:3E:81:8C	-77
D4:68:4D:3E:81:8C	-77
D4:68:4D:3E:81:8C	-78
D4:68:4D:3E:81:8C	-78
D4:68:4D:3E:81:8C	-78
D4:68:4D:3E:81:8C	-78
D4:68:4D:3E:81:8C	-78
D4:68:4D:3E:81:8C	-78
D4:68:4D:3E:81:8C	-78
D4:68:4D:3E:81:8C	-78
D4:68:4D:3E:81:8C	-78
D4:68:4D:3E:81:8C	-79
D4:68:4D:3E:81:98	-53
D4:68:4D:3E:81:98	-53
D4:68:4D:3E:81:98	-54
D4:68:4D:3E:81:98	-55
D4:68:4D:3E:81:98	-55
D4:68:4D:3E:81:98	-56
D4:68:4D:3E:81:98	-56
D4:68:4D:3E:81:98	-56
D4:68:4D:3E:81:98	-57
D4:68:4D:3E:81:98	-57
D4:68:4D:3E:81:98	-57
D4:68:4D:3E:81:98	-61
D4:68:4D:3E:81:9C	-63
D4:68:4D:3E:81:9C	-63
D4:68:4D:3E:81:9C	-63
D4:68:4D:3E:81:9C	-64
D4:68:4D:3E:81:9C	-65
D4:68:4D:3E:81:9C	-66
D4:68:4D:3E:81:9C	-66
D4:68:4D:3E:81:9C	-66
D4:68:4D:3E:81:9C	-66
D4:68:4D:3E:81:9C	-66
D4:68:4D:3E:81:9C	-66
D4:68:4D:3E:81:9C	-67
D4:68:4D:3E:81:A8	-56
D4:68:4D:3E:81:A8	-57
D4:68:4D:3E:81:A8	-59
D4:68:4D:3E:81:A8	-59
D4:68:4D:3E:81:A8	-60
D4:68:4D:3E:81:A8	-60
D4:68:4D:3E:81:A8	-61
D4:68:4D:3E:81:A8	-61
D4:68:4D:3E:81:A8	-61
D4:68:4D:3E:81:A8	-61
D4:68:4D:3E:81:A8	-61
D4:68:4D:3E:81:A8	-62
D4:68:4D:3E:81:AC	-82
D4:68:4D:3E:81:AC	-82
D4:68:4D:3E:81:AC	-82
D4:68:4D:3E:81:AC	-82
D4:68:4D:3E:81:AC	-83
D4:68:4D:3E:81:AC	-83
D4:68:4D:3E:81:AC	-83
D4:68:4D:3E:81:AC	-83
D4:68:4D:3E:81:AC	-83
D4:68:4D:3E:81:AC	-83
D4:68:4D:3E:81:AC	-84
D4:68:4D:3E:81:AC	-84
D4:68:4D:3E:81:C8	-110
D4:68:4D:3E:81:C8	-110
D4:68:4D:3E:81:C8	-110
D4:68:4D:3E:81:C8	-110
D4:68:4D:3E:81:C8	-110
D4:68:4D:3E:81:C8	-110
D4:68:4D:3E:81:C8	-110
D4:68:4D:3E:81:C8	-110
D4:68:4D:3E:81:C8	-110
D4:68:4D:3E:81:C8	-110
D4:68:4D:3E:81:C8	-110
D4:68:4D:3E:81:C8	-110
D4:68:4D:3E:82:98	-44
D4:68:4D:3E:82:98	-45
D4:68:4D:3E:82:98	-45
D4:68:4D:3E:82:98	-45
D4:68:4D:3E:82:98	-45
D4:68:4D:3E:82:98	-45
D4:68:4D:3E:82:98	-45
D4:68:4D:3E:82:98	-46
D4:68:4D:3E:82:98	-46
D4:68:4D:3E:82:98	-47
D4:68:4D:3E:82:98	-48
D4:68:4D:3E:82:98	-51
D4:68:4D:3E:82:9C	-53
D4:68:4D:3E:82:9C	-53
D4:68:4D:3E:82:9C	-53
D4:68:4D:3E:82:9C	-53
D4:68:4D:3E:82:9C	-54
D4:68:4D:3E:82:9C	-54
D4:68:4D:3E:82:9C	-54
D4:68:4D:3E:82:9C	-54
D4:68:4D:3E:82:9C	-54
D4:68:4D:3E:82:9C	-54
D4:68:4D:3E:82:9C	-54
D4:68:4D:3E:82:9C	-55
D4:68:4D:3E:86:58	-110
D4:68:4D:3E:86:58	-110
D4:68:4D:3E:86:58	-110
D4:68:4D:3E:86:58	-110
D4:68:4D:3E:86:58	-110
D4:68:4D:3E:86:58	-110
D4:68:4D:3E:86:58	-110
D4:68:4D:3E:86:58	-110
D4:68:4D:3E:86:58	-110
D4:68:4D:3E:86:58	-110
D4:68:4D:3E:86:58	-110
D4:68:4D:3E:86:58	-110
D4:68:4D:3E:86:68	-85
D4:68:4D:3E:86:68	-85
D4:68:4D:3E:86:68	-85
D4:68:4D:3E:86:68	-85
D4:68:4D:3E:86:68	-85
D4:68:4D:3E:86:68	-85
D4:68:4D:3E:86:68	-86
D4:68:4D:3E:86:68	-86
D4:68:4D:3E:86:68	-87
D4:68:4D:3E:86:68	-87
D4:68:4D:3E:86:68	-87
D4:68:4D:3E:86:68	-110
D4:68:4D:3E:87:28	-110
D4:68:4D:3E:87:28	-110
D4:68:4D:3E:87:28	-110
D4:68:4D:3E:87:28	-110
D4:68:4D:3E:87:28	-110
D4:68:4D:3E:87:28	-110
D4:68:4D:3E:87:28	-110
D4:68:4D:3E:87:28	-110
D4:68:4D:3E:87:28	-110
D4:68:4D:3E:87:28	-110
D4:68:4D:3E:87:28	-110
D4:68:4D:3E:87:28	-110
D4:68:4D:3E:87:F8	-52
D4:68:4D:3E:87:F8	-55
D4:68:4D:3E:87:F8	-56
D4:68:4D:3E:87:F8	-57
D4:68:4D:3E:87:F8	-57
D4:68:4D:3E:87:F8	-57
D4:68:4D:3E:87:F8	-58
D4:68:4D:3E:87:F8	-58
D4:68:4D:3E:87:F8	-59
D4:68:4D:3E:87:F8	-59
D4:68:4D:3E:87:F8	-60
D4:68:4D:3E:87:F8	-83
D4:68:4D:3E:87:FC	-63
D4:68:4D:3E:87:FC	-64
D4:68:4D:3E:87:FC	-64
D4:68:4D:3E:87:FC	-64
D4:68:4D:3E:87:FC	-64
D4:68:4D:3E:87:FC	-64
D4:68:4D:3E:87:FC	-65
D4:68:4D:3E:87:FC	-65
D4:68:4D:3E:87:FC	-65
D4:68:4D:3E:87:FC	-65
D4:68:4D:3E:87:FC	-65
D4:68:4D:3E:87:FC	-65
D4:68:4D:3E:89:58	-85
D4:68:4D:3E:89:58	-85
D4:68:4D:3E:89:58	-85
D4:68:4D:3E:89:58	-85
D4:68:4D:3E:89:58	-87
D4:68:4D:3E:89:58	-87
D4:68:4D:3E:89:58	-87
D4:68:4D:3E:89:58	-87
D4:68:4D:3E:89:58	-110
D4:68:4D:3E:89:58	-110
D4:68:4D:3E:89:58	-110
D4:68:4D:3E:89:58	-110
D4:68:4D:3E:8A:68	-45
D4:68:4D:3E:8A:68	-45
D4:68:4D:3E:8A:68	-45
D4:68:4D:3E:8A:68	-45
D4:68:4D:3E:8A:68	-46
D4:68:4D:3E:8A:68	-46
D4:68:4D:3E:8A:68	-46
D4:68:4D:3E:8A:68	-47
D4:68:4D:3E:8A:68	-47
D4:68:4D:3E:8A:68	-47
D4:68:4D:3E:8A:68	-48
D4:68:4D:3E:8A:68	-49
D4:68:4D:3E:8A:6C	-59
D4:68:4D:3E:8A:6C	-59
D4:68:4D:3E:8A:6C	-61
D4:68:4D:3E:8A:6C	-62
D4:68:4D:3E:8A:6C	-63
D4:68:4D:3E:8A:6C	-63
D4:68:4D:3E:8A:6C	-63
D4:68:4D:3E:8A:6C	-64
D4:68:4D:3E:8A:6C	-64
D4:68:4D:3E:8A:6C	-64
D4:68:4D:3E:8A:6C	-64
D4:68:4D:3E:8A:6C	-64
D4:68:4D:3E:8B:48	-110
D4:68:4D:3E:8B:48	-110
D4:68:4D:3E:8B:48	-110
D4:68:4D:3E:8B:48	-110
D4:68:4D:3E:8B:48	-110
D4:68:4D:3E:8B:48	-110
D4:68:4D:3E:8B:48	-110
D4:68:4D:3E:8B:48	-110
D4:68:4D:3E:8B:48	-110
D4:68:4D:3E:8B:48	-110
D4:68:4D:3E:8B:48	-110
D4:68:4D:3E:8B:48	-110
D4:68:4D:3E:8B:4C	-88
D4:68:4D:3E:8B:4C	-88
D4:68:4D:3E:8B:4C	-88
D4:68:4D:3E:8B:4C	-88
D4:68:4D:3E:8B:4C	-88
D4:68:4D:3E:8B:4C	-88
D4:68:4D:3E:8B:4C	-89
D4:68:4D:3E:8B:4C	-89
D4:68:4D:3E:8B:4C	-89
D4:68:4D:3E:8B:4C	-89
D4:68:4D:3E:8B:4C	-89
D4:68:4D:3E:8B:4C	-89
D4:68:4D:3E:8C:88	-52
D4:68:4D:3E:8C:88	-53
D4:68:4D:3E:8C:88	-53
D4:68:4D:3E:8C:88	-54
D4:68:4D:3E:8C:88	-54
D4:68:4D:3E:8C:88	-54
D4:68:4D:3E:8C:88	-54
D4:68:4D:3E:8C:88	-55
D4:68:4D:3E:8C:88	-55
D4:68:4D:3E:8C:88	-57
D4:68:4D:3E:8C:88	-60
D4:68:4D:3E:8C:88	-60
D4:68:4D:3E:8C:8C	-69
D4:68:4D:3E:8C:8C	-69
D4:68:4D:3E:8C:8C	-70
D4:68:4D:3E:8C:8C	-70
D4:68:4D:3E:8C:8C	-70
D4:68:4D:3E:8C:8C	-70
D4:68:4D:3E:8C:8C	-71
D4:68:4D:3E:8C:8C	-71
D4:68:4D:3E:8C:8C	-71
D4:68:4D:3E:8C:8C	-71
D4:68:4D:3E:8C:8C	-71
D4:68:4D:3E:8C:8C	-72
D4:68:4D:3E:8E:38	-110
D4:68:4D:3E:8E:38	-110
D4:68:4D:3E:8E:38	-110
D4:68:4D:3E:8E:38	-110
D4:68:4D:3E:8E:38	-110
D4:68:4D:3E:8E:38	-110
D4:68:4D:3E:8E:38	-110
D4:68:4D:3E:8E:38	-110
D4:68:4D:3E:8E:38	-110
D4:68:4D:3E:8E:38	-110
D4:68:4D:3E:8E:38	-110
D4:68:4D:3E:8E:38	-110
D4:68:4D:3E:8E:88	-68
D4:68:4D:3E:8E:88	-70
D4:68:4D:3E:8E:88	-70
D4:68:4D:3E:8E:88	-70
D4:68:4D:3E:8E:88	-70
D4:68:4D:3E:8E:88	-72
D4:68:4D:3E:8E:88	-72
D4:68:4D:3E:8E:88	-72
D4:68:4D:3E:8E:88	-73
D4:68:4D:3E:8E:88	-74
D4:68:4D:3E:8E:88	-75
D4:68:4D:3E:8E:88	-110
D4:68:4D:3E:8E:8C	-89
D4:68:4D:3E:8E:8C	-89
D4:68:4D:3E:8E:8C	-90
D4:68:4D:3E:8E:8C	-90
D4:68:4D:3E:8E:8C	-90
D4:68:4D:3E:8E:8C	-90
D4:68:4D:3E:8E:8C	-91
D4:68:4D:3E:8E:8C	-91
D4:68:4D:3E:8E:8C	-91
D4:68:4D:3E:8E:8C	-91
D4:68:4D:3E:91:D8	-45
D4:68:4D:3E:91:D8	-48
D4:68:4D:3E:91:D8	-48
D4:68:4D:3E:91:D8	-49
D4:68:4D:3E:91:D8	-50
D4:68:4D:3E:91:D8	-51
D4:68:4D:3E:91:D8	-52
D4:68:4D:3E:91:D8	-52
D4:68:4D:3E:91:D8	-52
D4:68:4D:3E:91:D8	-53
D4:68:4D:3E:91:D8	-53
D4:68:4D:3E:91:D8	-73
D4:68:4D:3E:91:DC	-61
D4:68:4D:3E:91:DC	-61
D4:68:4D:3E:91:DC	-61
D4:68:4D:3E:91:DC	-61
D4:68:4D:3E:91:DC	-61
D4:68:4D:3E:91:DC	-63
D4:68:4D:3E:91:DC	-64
D4:68:4D:3E:91:DC	-64
D4:68:4D:3E:91:DC	-64
D4:68:4D:3E:91:DC	-65
D4:68:4D:3E:91:DC	-65
D4:68:4D:3E:91:DC	-65
D4:68:4D:3E:A1:C8	-110
D4:68:4D:3E:A1:C8	-110
D4:68:4D:3E:A1:C8	-110
D4:68:4D:3E:A1:C8	-110
D4:68:4D:3E:A1:C8	-110
D4:68:4D:3E:A1:C8	-110
D4:68:4D:3E:A1:C8	-110
D4:68:4D:3E:A1:C8	-110
D4:68:4D:3E:A1:C8	-110
D4:68:4D:3E:A1:C8	-110
D4:68:4D:3E:A1:C8	-110
D4:68:4D:3E:A1:C8	-110
D4:68:4D:3E:A3:08	-59
D4:68:4D:3E:A3:08	-60
D4:68:4D:3E:A3:08	-60
D4:68:4D:3E:A3:08	-60
D4:68:4D:3E:A3:08	-61
D4:68:4D:3E:A3:08	-61
D4:68:4D:3E:A3:08	-61
D4:68:4D:3E:A3:08	-61
D4:68:4D:3E:A3:08	-62
D4:68:4D:3E:A3:08	-62
D4:68:4D:3E:A3:08	-63
D4:68:4D:3E:A3:08	-63
D4:68:4D:3E:A3:0C	-80
D4:68:4D:3E:A3:0C	-81
D4:68:4D:3E:A3:0C	-81
D4:68:4D:3E:A3:0C	-82
D4:68:4D:3E:A3:0C	-82
D4:68:4D:3E:A3:0C	-82
D4:68:4D:3E:A3:0C	-82
D4:68:4D:3E:A3:0C	-82
D4:68:4D:3E:A3:0C	-83
D4:68:4D:3E:A3:0C	-84
D4:68:4D:3E:A3:0C	-85
D4:68:4D:3E:A3:0C	-85
D4:68:4D:3E:A3:C8	-75
D4:68:4D:3E:A3:C8	-75
D4:68:4D:3E:A3:C8	-75
D4:68:4D:3E:A3:C8	-76
D4:68:4D:3E:A3:C8	-78
D4:68:4D:3E:A3:C8	-78
D4:68:4D:3E:A3:C8	-78
D4:68:4D:3E:A3:C8	-79
D4:68:4D:3E:A3:C8	-79
D4:68:4D:3E:A3:C8	-79
D4:68:4D:3E:A3:C8	-79
D4:68:4D:3E:A3:C8	-79
D4:68:4D:3E:A4:28	-48
D4:68:4D:3E:A4:28	-49
D4:68:4D:3E:A4:28	-49
D4:68:4D:3E:A4:28	-50
D4:68:4D:3E:A4:28	-51
D4:68:4D:3E:A4:28	-52
D4:68:4D:3E:A4:28	-52
D4:68:4D:3E:A4:28	-52
D4:68:4D:3E:A4:28	-52
D4:68:4D:3E:A4:28	-53
D4:68:4D:3E:A4:28	-54
D4:68:4D:3E:A4:28	-57
D4:68:4D:3E:A4:2C	-67
D4:68:4D:3E:A4:2C	-67
D4:68:4D:3E:A4:2C	-67
D4:68:4D:3E:A4:2C	-67
D4:68:4D:3E:A4:2C	-67
D4:68:4D:3E:A4:2C	-68
D4:68:4D:3E:A4:2C	-68
D4:68:4D:3E:A4:2C	-68
D4:68:4D:3E:A4:2C	-68
D4:68:4D:3E:A4:2C	-69
D4:68:4D:3E:A4:2C	-70
D4:68:4D:3E:A4:2C	-73
D4:68:4D:3E:A5:08	-86
D4:68:4D:3E:A5:08	-88
D4:68:4D:3E:A5:08	-88
D4:68:4D:3E:A5:08	-88
D4:68:4D:3E:A5:08	-88
D4:68:4D:3E:A5:08	-89
D4:68:4D:3E:A5:08	-89
D4:68:4D:3E:A5:08	-90
D4:68:4D:3E:A5:08	-90
D4:68:4D:3E:A5:08	-90
D4:68:4D:3E:A6:38	-70
D4:68:4D:3E:A6:38	-70
D4:68:4D:3E:A6:38	-70
D4:68:4D:3E:A6:38	-70
D4:68:4D:3E:A6:38	-70
D4:68:4D:3E:A6:38	-70
D4:68:4D:3E:A6:38	-70
D4:68:4D:3E:A6:38	-70
D4:68:4D:3E:A6:38	-70
D4:68:4D:3E:A6:38	-71
D4:68:4D:3E:A6:38	-71
D4:68:4D:3E:A6:38	-72
D4:68:4D:3E:A6:88	-72
D4:68:4D:3E:A6:88	-74
D4:68:4D:3E:A6:88	-74
D4:68:4D:3E:A6:88	-74
D4:68:4D:3E:A6:88	-75
D4:68:4D:3E:A6:88	-76
D4:68:4D:3E:A6:88	-76
D4:68:4D:3E:A6:88	-76
D4:68:4D:3E:A6:88	-76
D4:68:4D:3E:A6:88	-77
D4:68:4D:3E:A6:88	-79
D4:68:4D:3E:A6:88	-79
D4:68:4D:3E:A6:8C	-87
D4:68:4D:3E:A6:8C	-87
D4:68:4D:3E:A6:8C	-87
D4:68:4D:3E:A6:8C	-87
D4:68:4D:3E:A6:8C	-87
D4:68:4D:3E:A6:8C	-87
D4:68:4D:3E:A6:8C	-87
D4:68:4D:3E:A6:8C	-87
D4:68:4D:3E:A6:8C	-88
D4:68:4D:3E:A6:8C	-88
D4:68:4D:3E:A6:8C	-88
D4:68:4D:3E:A6:8C	-110
D4:68:4D:3E:A7:B8	-84
D4:68:4D:3E:A7:B8	-84
D4:68:4D:3E:A7:B8	-84
D4:68:4D:3E:A7:B8	-84
D4:68:4D:3E:A7:B8	-86
D4:68:4D:3E:A7:B8	-86
D4:68:4D:3E:A7:B8	-86
D4:68:4D:3E:A7:B8	-110
D4:68:4D:3E:A7:B8	-110
D4:68:4D:3E:A7:B8	-110
D4:68:4D:3E:A7:B8	-110
D4:68:4D:3E:A7:B8	-110
00:1E:4A:8F:FE:30	-79
00:1E:4A:8F:FE:30	-79
00:1E:4A:8F:FE:30	-79
00:1E:4A:8F:FE:30	-79
00:1E:4A:8F:FE:30	-79
00:1E:4A:8F:FE:30	-79
00:1E:4A:8F:FE:30	-79
00:1E:4A:8F:FE:30	-79
00:1E:4A:8F:FE:30	-79
00:1E:4A:8F:FE:30	-86
00:1E:4A:8F:FE:30	-86
00:1E:4A:8F:FE:30	-110
00:1E:4A:90:00:20	-68
00:1E:4A:90:00:20	-68
00:1E:4A:90:00:20	-73
00:1E:4A:90:00:20	-73
00:1E:4A:90:00:20	-73
00:1E:4A:90:00:20	-73
00:1E:4A:90:00:20	-110
00:1E:4A:90:00:20	-110
00:1E:4A:90:00:20	-110
00:1E:4A:90:00:20	-110
00:1E:4A:90:00:20	-110
00:1E:4A:90:00:20	-110
00:1E:4A:90:01:70	-82
00:1E:4A:90:01:70	-82
00:1E:4A:90:01:70	-82
00:1E:4A:90:01:70	-82
00:1E:4A:90:01:70	-82
00:1E:4A:90:01:70	-82
00:1E:4A:90:01:70	-82
00:1E:4A:90:01:70	-82
00:1E:4A:90:01:70	-82
00:1E:4A:90:01:70	-82
00:1E:4A:90:01:70	-82
00:1E:4A:90:01:70	-82
00:1E:4A:90:04:30	-85
00:1E:4A:90:04:30	-85
00:1E:4A:90:04:30	-85
00:1E:4A:90:04:30	-85
00:1E:4A:90:04:30	-91
00:1E:4A:90:04:30	-91
00:1E:4A:90:04:30	-91
00:22:6B:47:B8:32	-83
00:22:6B:47:B8:32	-84
00:22:6B:47:B8:32	-84
00:22:6B:47:B8:32	-84
00:22:6B:47:B8:32	-84
00:22:6B:47:B8:32	-84
00:22:6B:47:B8:32	-84
00:22:6B:47:B8:32	-84
00:22:6B:47:B8:32	-85
00:22:6B:47:B8:32	-85
00:22:6B:47:B8:32	-85
00:22:6B:47:B8:32	-110
2C:E6:CC:1A:CB:D8	-57
2C:E6:CC:1A:CB:D8	-57
2C:E6:CC:1A:CB:D8	-57
2C:E6:CC:1A:CB:D8	-57
2C:E6:CC:1A:CB:D8	-57
2C:E6:CC:1A:CB:D8	-57
2C:E6:CC:1A:CB:D8	-57
2C:E6:CC:1A:CB:D8	-57
2C:E6:CC:1A:CB:D8	-57
2C:E6:CC:1A:CB:D8	-57
2C:E6:CC:1A:CB:D8	-57
2C:E6:CC:1A:CB:D8	-57
42:49:0F:9A:96:50	-110
42:49:0F:9A:96:50	-110
42:49:0F:9A:96:50	-110
42:49:0F:9A:96:50	-110
42:49:0F:9A:96:50	-110
42:49:0F:9A:96:50	-110
42:49:0F:9A:96:50	-110
42:49:0F:9A:96:50	-110
42:49:0F:9A:96:50	-110
42:49:0F:9A:96:50	-110
42:49:0F:9A:96:50	-110
42:49:0F:9A:96:50	-110
44:1C:A8:0F:72:9E	-80
44:1C:A8:0F:72:9E	-80
44:1C:A8:0F:72:9E	-80
44:1C:A8:0F:72:9E	-81
44:1C:A8:0F:72:9E	-81
44:1C:A8:0F:72:9E	-81
44:1C:A8:0F:72:9E	-81
44:1C:A8:0F:72:9E	-81
44:1C:A8:0F:72:9E	-82
44:1C:A8:0F:72:9E	-82
44:1C:A8:0F:72:9E	-82
44:1C:A8:0F:72:9E	-82
58:93:96:08:4A:18	-70
58:93:96:08:4A:18	-71
58:93:96:08:4A:18	-71
58:93:96:08:4A:18	-73
58:93:96:08:4A:18	-73
58:93:96:08:4A:18	-73
58:93:96:08:4A:18	-73
58:93:96:08:4A:18	-73
58:93:96:08:4A:18	-73
58:93:96:08:4A:18	-73
58:93:96:08:4A:18	-73
58:93:96:08:4A:18	-73
6C:AA:B3:32:24:68	-90
6C:AA:B3:32:24:68	-90
6C:AA:B3:32:24:68	-90
6C:AA:B3:32:24:68	-90
6C:AA:B3:32:24:68	-110
6C:AA:B3:32:24:68	-110
6C:AA:B3:32:24:68	-110
6C:AA:B3:32:24:68	-110
6C:AA:B3:32:24:68	-110
6C:AA:B3:32:24:68	-110
6C:AA:B3:32:24:68	-110
6C:AA:B3:32:24:68	-110
6C:AA:B3:32:31:C8	-110
6C:AA:B3:32:31:C8	-110
6C:AA:B3:32:31:C8	-110
6C:AA:B3:32:31:C8	-110
6C:AA:B3:32:31:C8	-110
6C:AA:B3:32:31:C8	-110
6C:AA:B3:32:31:C8	-110
6C:AA:B3:32:31:C8	-110
6C:AA:B3:32:31:C8	-110
6C:AA:B3:32:31:C8	-110
6C:AA:B3:32:31:C8	-110
6C:AA:B3:32:31:C8	-110
6C:AA:B3:72:31:C8	-110
6C:AA:B3:72:31:C8	-110
6C:AA:B3:72:31:C8	-110
6C:AA:B3:72:31:C8	-110
6C:AA:B3:72:31:C8	-110
6C:AA:B3:72:31:C8	-110
6C:AA:B3:72:31:C8	-110
6C:AA:B3:72:31:C8	-110
6C:AA:B3:72:31:C8	-110
6C:AA:B3:72:31:C8	-110
6C:AA:B3:72:31:C8	-110
6C:AA:B3:72:31:C8	-110
94:65:2D:F0:6E:01	-110
94:65:2D:F0:6E:01	-110
94:65:2D:F0:6E:01	-110
94:65:2D:F0:6E:01	-110
94:65:2D:F0:6E:01	-110
94:65:2D:F0:6E:01	-110
94:65:2D:F0:6E:01	-110
94:65:2D:F0:6E:01	-110
94:65:2D:F0:6E:01	-110
94:65:2D:F0:6E:01	-110
94:65:2D:F0:6E:01	-110
94:65:2D:F0:6E:01	-110
94:F6:65:1D:EC:D8	-110
94:F6:65:1D:EC:D8	-110
94:F6:65:1D:EC:D8	-110
94:F6:65:1D:EC:D8	-110
94:F6:65:1D:EC:D8	-110
94:F6:65:1D:EC:D8	-110
94:F6:65:1D:EC:D8	-110
94:F6:65:1D:EC:D8	-110
94:F6:65:1D:EC:D8	-110
94:F6:65:1D:EC:D8	-110
94:F6:65:1D:EC:D8	-110
94:F6:65:1D:EC:D8	-110
D4:68:4D:3E:19:78	-70
D4:68:4D:3E:19:78	-70
D4:68:4D:3E:19:78	-70
D4:68:4D:3E:19:78	-70
D4:68:4D:3E:19:78	-70
D4:68:4D:3E:19:78	-71
D4:68:4D:3E:19:78	-71
D4:68:4D:3E:19:78	-71
D4:68:4D:3E:19:78	-71
D4:68:4D:3E:19:78	-71
D4:68:4D:3E:19:78	-72
D4:68:4D:3E:19:78	-85
D4:68:4D:3E:19:7C	-84
D4:68:4D:3E:19:7C	-85
D4:68:4D:3E:19:7C	-85
D4:68:4D:3E:19:7C	-85
D4:68:4D:3E:19:7C	-85
D4:68:4D:3E:19:7C	-85
D4:68:4D:3E:19:7C	-86
D4:68:4D:3E:19:7C	-86
D4:68:4D:3E:19:7C	-87
D4:68:4D:3E:19:7C	-88
D4:68:4D:3E:19:7C	-88
D4:68:4D:3E:19:7C	-110
D4:68:4D:3E:54:88	-110
D4:68:4D:3E:54:88	-110
D4:68:4D:3E:54:88	-110
D4:68:4D:3E:54:88	-110
D4:68:4D:3E:54:88	-110
D4:68:4D:3E:54:88	-110
D4:68:4D:3E:54:88	-110
D4:68:4D:3E:54:88	-110
D4:68:4D:3E:54:88	-110
D4:68:4D:3E:54:88	-110
D4:68:4D:3E:54:88	-110
D4:68:4D:3E:54:88	-110
D4:68:4D:3E:54:8C	-85
D4:68:4D:3E:54:8C	-85
D4:68:4D:3E:54:8C	-85
D4:68:4D:3E:54:8C	-85
D4:68:4D:3E:54:8C	-86
D4:68:4D:3E:54:8C	-86
D4:68:4D:3E:54:8C	-87
D4:68:4D:3E:54:8C	-87
D4:68:4D:3E:54:8C	-87
D4:68:4D:3E:54:8C	-87
D4:68:4D:3E:54:8C	-110
D4:68:4D:3E:54:8C	-110
D4:68:4D:3E:54:98	-50
D4:68:4D:3E:54:98	-52
D4:68:4D:3E:54:98	-52
D4:68:4D:3E:54:98	-52
D4:68:4D:3E:54:98	-53
D4:68:4D:3E:54:98	-53
D4:68:4D:3E:54:98	-53
D4:68:4D:3E:54:98	-53
D4:68:4D:3E:54:98	-53
D4:68:4D:3E:54:98	-53
D4:68:4D:3E:54:98	-53
D4:68:4D:3E:54:98	-53
D4:68:4D:3E:54:9C	-77
D4:68:4D:3E:54:9C	-77
D4:68:4D:3E:54:9C	-77
D4:68:4D:3E:54:9C	-77
D4:68:4D:3E:54:9C	-77
D4:68:4D:3E:54:9C	-77
D4:68:4D:3E:54:9C	-77
D4:68:4D:3E:54:9C	-77
D4:68:4D:3E:54:9C	-77
D4:68:4D:3E:54:9C	-77
D4:68:4D:3E:54:9C	-77
D4:68:4D:3E:54:9C	-79
D4:68:4D:3E:54:D8	-82
D4:68:4D:3E:54:D8	-82
D4:68:4D:3E:54:D8	-82
D4:68:4D:3E:54:D8	-82
D4:68:4D:3E:54:D8	-82
D4:68:4D:3E:54:D8	-82
D4:68:4D:3E:54:D8	-82
D4:68:4D:3E:54:D8	-82
D4:68:4D:3E:54:D8	-82
D4:68:4D:3E:54:D8	-82
D4:68:4D:3E:54:D8	-82
D4:68:4D:3E:54:D8	-110
D4:68:4D:3E:54:DC	-86
D4:68:4D:3E:54:DC	-86
D4:68:4D:3E:54:DC	-86
D4:68:4D:3E:54:DC	-87
D4:68:4D:3E:54:DC	-110
D4:68:4D:3E:54:DC	-110
D4:68:4D:3E:54:DC	-110
D4:68:4D:3E:54:DC	-110
D4:68:4D:3E:54:DC	-110
D4:68:4D:3E:54:DC	-110
D4:68:4D:3E:54:DC	-110
D4:68:4D:3E:54:DC	-110
D4:68:4D:3E:57:78	-110
D4:68:4D:3E:57:78	-110
D4:68:4D:3E:57:78	-110
D4:68:4D:3E:57:78	-110
D4:68:4D:3E:57:78	-110
D4:68:4D:3E:57:78	-110
D4:68:4D:3E:57:78	-110
D4:68:4D:3E:57:78	-110
D4:68:4D:3E:57:78	-110
D4:68:4D:3E:57:78	-110
D4:68:4D:3E:57:78	-110
D4:68:4D:3E:57:78	-110
D4:68:4D:3E:58:E8	-64
D4:68:4D:3E:58:E8	-65
D4:68:4D:3E:58:E8	-65
D4:68:4D:3E:58:E8	-66
D4:68:4D:3E:58:E8	-66
D4:68:4D:3E:58:E8	-66
D4:68:4D:3E:58:E8	-67
D4:68:4D:3E:58:E8	-67
D4:68:4D:3E:58:E8	-67
D4:68:4D:3E:58:E8	-67
D4:68:4D:3E:58:E8	-67
D4:68:4D:3E:58:E8	-80
D4:68:4D:3E:58:EC	-85
D4:68:4D:3E:58:EC	-85
D4:68:4D:3E:58:EC	-86
D4:68:4D:3E:58:EC	-86
D4:68:4D:3E:58:EC	-86
D4:68:4D:3E:58:EC	-86
D4:68:4D:3E:58:EC	-86
D4:68:4D:3E:58:EC	-87
D4:68:4D:3E:58:EC	-87
D4:68:4D:3E:58:EC	-87
D4:68:4D:3E:58:EC	-110
D4:68:4D:3E:58:EC	-110
D4:68:4D:3E:59:38	-74
D4:68:4D:3E:59:38	-75
D4:68:4D:3E:59:38	-75
D4:68:4D:3E:59:38	-75
D4:68:4D:3E:59:38	-76
D4:68:4D:3E:59:38	-76
D4:68:4D:3E:59:38	-76
D4:68:4D:3E:59:38	-77
D4:68:4D:3E:59:38	-77
D4:68:4D:3E:59:38	-78
D4:68:4D:3E:59:38	-78
D4:68:4D:3E:59:38	-78
D4:68:4D:3E:59:3C	-79
D4:68:4D:3E:59:3C	-79
D4:68:4D:3E:59:3C	-79
D4:68:4D:3E:59:3C	-79
D4:68:4D:3E:59:3C	-79
D4:68:4D:3E:59:3C	-79
D4:68:4D:3E:59:3C	-79
D4:68:4D:3E:59:3C	-79
D4:68:4D:3E:59:3C	-79
D4:68:4D:3E:59:3C	-80
D4:68:4D:3E:59:3C	-80
D4:68:4D:3E:59:3C	-80
D4:68:4D:3E:77:38	-84
D4:68:4D:3E:77:38	-84
D4:68:4D:3E:77:38	-84
D4:68:4D:3E:77:38	-85
D4:68:4D:3E:77:38	-85
D4:68:4D:3E:77:38	-85
D4:68:4D:3E:77:38	-85
D4:68:4D:3E:77:38	-85
D4:68:4D:3E:77:38	-85
D4:68:4D:3E:77:38	-85
D4:68:4D:3E:77:38	-85
D4:68:4D:3E:77:38	-87
D4:68:4D:3E:77:3C	-110
D4:68:4D:3E:77:3C	-110
D4:68:4D:3E:77:3C	-110
D4:68:4D:3E:77:3C	-110
D4:68:4D:3E:77:3C	-110
D4:68:4D:3E:77:3C	-110
D4:68:4D:3E:77:3C	-110
D4:68:4D:3E:77:3C	-110
D4:68:4D:3E:77:3C	-110
D4:68:4D:3E:77:3C	-110
D4:68:4D:3E:77:3C	-110
D4:68:4D:3E:77:3C	-110
D4:68:4D:3E:81:88	-65
D4:68:4D:3E:81:88	-65
D4:68:4D:3E:81:88	-65
D4:68:4D:3E:81:88	-65
D4:68:4D:3E:81:88	-65
D4:68:4D:3E:81:88	-65
D4:68:4D:3E:81:88	-65
D4:68:4D:3E:81:88	-84
D4:68:4D:3E:81:88	-85
D4:68:4D:3E:81:88	-85
D4:68:4D:3E:81:88	-85
D4:68:4D:3E:81:88	-89
D4:68:4D:3E:81:8C	-72
D4:68:4D:3E:81:8C	-73
D4:68:4D:3E:81:8C	-73
D4:68:4D:3E:81:8C	-73
D4:68:4D:3E:81:8C	-73
D4:68:4D:3E:81:8C	-73
D4:68:4D:3E:81:8C	-73
D4:68:4D:3E:81:8C	-73
D4:68:4D:3E:81:8C	-73
D4:68:4D:3E:81:8C	-73
D4:68:4D:3E:81:8C	-74
D4:68:4D:3E:81:8C	-74
D4:68:4D:3E:81:98	-44
D4:68:4D:3E:81:98	-44
D4:68:4D:3E:81:98	-45
D4:68:4D:3E:81:98	-45
D4:68:4D:3E:81:98	-45
D4:68:4D:3E:81:98	-45
D4:68:4D:3E:81:98	-45
D4:68:4D:3E:81:98	-45
D4:68:4D:3E:81:98	-45
D4:68:4D:3E:81:98	-45
D4:68:4D:3E:81:98	-47
D4:68:4D:3E:81:98	-71
D4:68:4D:3E:81:9C	-66
D4:68:4D:3E:81:9C	-66
D4:68:4D:3E:81:9C	-66
D4:68:4D:3E:81:9C	-66
D4:68:4D:3E:81:9C	-66
D4:68:4D:3E:81:9C	-66
D4:68:4D:3E:81:9C	-66
D4:68:4D:3E:81:9C	-66
D4:68:4D:3E:81:9C	-66
D4:68:4D:3E:81:9C	-67
D4:68:4D:3E:81:9C	-67
D4:68:4D:3E:81:9C	-67
D4:68:4D:3E:81:A8	-56
D4:68:4D:3E:81:A8	-56
D4:68:4D:3E:81:A8	-56
D4:68:4D:3E:81:A8	-57
D4:68:4D:3E:81:A8	-57
D4:68:4D:3E:81:A8	-57
D4:68:4D:3E:81:A8	-57
D4:68:4D:3E:81:A8	-57
D4:68:4D:3E:81:A8	-58
D4:68:4D:3E:81:A8	-58
D4:68:4D:3E:81:A8	-58
D4:68:4D:3E:81:A8	-58
D4:68:4D:3E:81:AC	-78
D4:68:4D:3E:81:AC	-79
D4:68:4D:3E:81:AC	-79
D4:68:4D:3E:81:AC	-79
D4:68:4D:3E:81:AC	-79
D4:68:4D:3E:81:AC	-79
D4:68:4D:3E:81:AC	-79
D4:68:4D:3E:81:AC	-79
D4:68:4D:3E:81:AC	-79
D4:68:4D:3E:81:AC	-80
D4:68:4D:3E:81:AC	-80
D4:68:4D:3E:81:AC	-80
D4:68:4D:3E:81:C8	-110
D4:68:4D:3E:81:C8	-110
D4:68:4D:3E:81:C8	-110
D4:68:4D:3E:81:C8	-110
D4:68:4D:3E:81:C8	-110
D4:68:4D:3E:81:C8	-110
D4:68:4D:3E:81:C8	-110
D4:68:4D:3E:81:C8	-110
D4:68:4D:3E:81:C8	-110
D4:68:4D:3E:81:C8	-110
D4:68:4D:3E:81:C8	-110
D4:68:4D:3E:81:C8	-110
D4:68:4D:3E:82:98	-40
D4:68:4D:3E:82:98	-40
D4:68:4D:3E:82:98	-41
D4:68:4D:3E:82:98	-41
D4:68:4D:3E:82:98	-41
D4:68:4D:3E:82:98	-41
D4:68:4D:3E:82:98	-41
D4:68:4D:3E:82:98	-41
D4:68:4D:3E:82:98	-41
D4:68:4D:3E:82:98	-42
D4:68:4D:3E:82:98	-42
D4:68:4D:3E:82:98	-44
D4:68:4D:3E:82:9C	-47
D4:68:4D:3E:82:9C	-47
D4:68:4D:3E:82:9C	-47
D4:68:4D:3E:82:9C	-47
D4:68:4D:3E:82:9C	-47
D4:68:4D:3E:82:9C	-47
D4:68:4D:3E:82:9C	-47
D4:68:4D:3E:82:9C	-47
D4:68:4D:3E:82:9C	-47
D4:68:4D:3E:82:9C	-47
D4:68:4D:3E:82:9C	-47
D4:68:4D:3E:82:9C	-50
D4:68:4D:3E:86:68	-83
D4:68:4D:3E:86:68	-83
D4:68:4D:3E:86:68	-83
D4:68:4D:3E:86:68	-83
D4:68:4D:3E:86:68	-86
D4:68:4D:3E:86:68	-88
D4:68:4D:3E:86:68	-88
D4:68:4D:3E:86:68	-88
D4:68:4D:3E:86:68	-110
D4:68:4D:3E:86:68	-110
D4:68:4D:3E:86:68	-110
D4:68:4D:3E:86:68	-110
D4:68:4D:3E:87:28	-85
D4:68:4D:3E:87:28	-85
D4:68:4D:3E:87:28	-85
D4:68:4D:3E:87:28	-85
D4:68:4D:3E:87:28	-85
D4:68:4D:3E:87:28	-110
D4:68:4D:3E:87:28	-110
D4:68:4D:3E:87:28	-110
D4:68:4D:3E:87:28	-110
D4:68:4D:3E:87:28	-110
D4:68:4D:3E:87:28	-110
D4:68:4D:3E:87:28	-110
D4:68:4D:3E:87:F8	-47
D4:68:4D:3E:87:F8	-48
D4:68:4D:3E:87:F8	-52
D4:68:4D:3E:87:F8	-52
D4:68:4D:3E:87:F8	-52
D4:68:4D:3E:87:F8	-52
D4:68:4D:3E:87:F8	-52
D4:68:4D:3E:87:F8	-52
D4:68:4D:3E:87:F8	-52
D4:68:4D:3E:87:F8	-53
D4:68:4D:3E:87:F8	-53
D4:68:4D:3E:87:F8	-53
D4:68:4D:3E:87:FC	-57
D4:68:4D:3E:87:FC	-57
D4:68:4D:3E:87:FC	-57
D4:68:4D:3E:87:FC	-57
D4:68:4D:3E:87:FC	-57
D4:68:4D:3E:87:FC	-57
D4:68:4D:3E:87:FC	-57
D4:68:4D:3E:87:FC	-57
D4:68:4D:3E:87:FC	-58
D4:68:4D:3E:87:FC	-58
D4:68:4D:3E:87:FC	-58
D4:68:4D:3E:87:FC	-58
D4:68:4D:3E:89:58	-110
D4:68:4D:3E:89:58	-110
D4:68:4D:3E:89:58	-110
D4:68:4D:3E:89:58	-110
D4:68:4D:3E:89:58	-110
D4:68:4D:3E:89:58	-110
D4:68:4D:3E:89:58	-110
D4:68:4D:3E:89:58	-110
D4:68:4D:3E:89:58	-110
D4:68:4D:3E:89:58	-110
D4:68:4D:3E:89:58	-110
D4:68:4D:3E:89:58	-110
D4:68:4D:3E:8A:68	-53
D4:68:4D:3E:8A:68	-54
D4:68:4D:3E:8A:68	-54
D4:68:4D:3E:8A:68	-54
D4:68:4D:3E:8A:68	-55
D4:68:4D:3E:8A:68	-55
D4:68:4D:3E:8A:68	-56
D4:68:4D:3E:8A:68	-56
D4:68:4D:3E:8A:68	-56
D4:68:4D:3E:8A:68	-56
D4:68:4D:3E:8A:68	-56
D4:68:4D:3E:8A:68	-58
D4:68:4D:3E:8A:6C	-58
D4:68:4D:3E:8A:6C	-59
D4:68:4D:3E:8A:6C	-59
D4:68:4D:3E:8A:6C	-59
D4:68:4D:3E:8A:6C	-59
D4:68:4D:3E:8A:6C	-59
D4:68:4D:3E:8A:6C	-59
D4:68:4D:3E:8A:6C	-59
D4:68:4D:3E:8A:6C	-59
D4:68:4D:3E:8A:6C	-59
D4:68:4D:3E:8A:6C	-59
D4:68:4D:3E:8A:6C	-59
D4:68:4D:3E:8B:48	-87
D4:68:4D:3E:8B:48	-87
D4:68:4D:3E:8B:48	-87
D4:68:4D:3E:8B:48	-87
D4:68:4D:3E:8B:48	-87
D4:68:4D:3E:8B:48	-87
D4:68:4D:3E:8B:48	-87
D4:68:4D:3E:8B:48	-87
D4:68:4D:3E:8B:48	-88
D4:68:4D:3E:8B:48	-88
D4:68:4D:3E:8B:48	-110
D4:68:4D:3E:8B:48	-110
D4:68:4D:3E:8B:4C	-85
D4:68:4D:3E:8B:4C	-85
D4:68:4D:3E:8B:4C	-85
D4:68:4D:3E:8B:4C	-86
D4:68:4D:3E:8B:4C	-86
D4:68:4D:3E:8B:4C	-86
D4:68:4D:3E:8B:4C	-87
D4:68:4D:3E:8B:4C	-87
D4:68:4D:3E:8B:4C	-87
D4:68:4D:3E:8B:4C	-87
D4:68:4D:3E:8B:4C	-87
D4:68:4D:3E:8B:4C	-87
D4:68:4D:3E:8C:88	-57
D4:68:4D:3E:8C:88	-57
D4:68:4D:3E:8C:88	-57
D4:68:4D:3E:8C:88	-57
D4:68:4D:3E:8C:88	-57
D4:68:4D:3E:8C:88	-57
D4:68:4D:3E:8C:88	-57
D4:68:4D:3E:8C:88	-57
D4:68:4D:3E:8C:88	-57
D4:68:4D:3E:8C:88	-58
D4:68:4D:3E:8C:88	-58
D4:68:4D:3E:8C:88	-60
D4:68:4D:3E:8C:8C	-65
D4:68:4D:3E:8C:8C	-65
D4:68:4D:3E:8C:8C	-65
D4:68:4D:3E:8C:8C	-65
D4:68:4D:3E:8C:8C	-65
D4:68:4D:3E:8C:8C	-65
D4:68:4D:3E:8C:8C	-65
D4:68:4D:3E:8C:8C	-65
D4:68:4D:3E:8C:8C	-66
D4:68:4D:3E:8C:8C	-66
D4:68:4D:3E:8C:8C	-66
D4:68:4D:3E:8C:8C	-66
D4:68:4D:3E:8E:38	-86
D4:68:4D:3E:8E:38	-86
D4:68:4D:3E:8E:38	-86
D4:68:4D:3E:8E:38	-86
D4:68:4D:3E:8E:38	-110
D4:68:4D:3E:8E:38	-110
D4:68:4D:3E:8E:38	-110
D4:68:4D:3E:8E:38	-110
D4:68:4D:3E:8E:38	-110
D4:68:4D:3E:8E:38	-110
D4:68:4D:3E:8E:38	-110
D4:68:4D:3E:8E:38	-110
D4:68:4D:3E:8E:88	-71
D4:68:4D:3E:8E:88	-71
D4:68:4D:3E:8E:88	-71
D4:68:4D:3E:8E:88	-71
D4:68:4D:3E:8E:88	-72
D4:68:4D:3E:8E:88	-72
D4:68:4D:3E:8E:88	-73
D4:68:4D:3E:8E:88	-73
D4:68:4D:3E:8E:88	-73
D4:68:4D:3E:8E:88	-73
D4:68:4D:3E:8E:88	-74
D4:68:4D:3E:8E:88	-110
D4:68:4D:3E:91:D8	-43
D4:68:4D:3E:91:D8	-43
D4:68:4D:3E:91:D8	-43
D4:68:4D:3E:91:D8	-43
D4:68:4D:3E:91:D8	-44
D4:68:4D:3E:91:D8	-44
D4:68:4D:3E:91:D8	-44
D4:68:4D:3E:91:D8	-44
D4:68:4D:3E:91:D8	-44
D4:68:4D:3E:91:D8	-45
D4:68:4D:3E:91:D8	-46
D4:68:4D:3E:91:D8	-47
D4:68:4D:3E:91:DC	-53
D4:68:4D:3E:91:DC	-53
D4:68:4D:3E:91:DC	-53
D4:68:4D:3E:91:DC	-53
D4:68:4D:3E:91:DC	-54
D4:68:4D:3E:91:DC	-54
D4:68:4D:3E:91:DC	-54
D4:68:4D:3E:91:DC	-54
D4:68:4D:3E:91:DC	-54
D4:68:4D:3E:91:DC	-54
D4:68:4D:3E:91:DC	-54
D4:68:4D:3E:91:DC	-57
D4:68:4D:3E:A3:08	-58
D4:68:4D:3E:A3:08	-58
D4:68:4D:3E:A3:08	-58
D4:68:4D:3E:A3:08	-58
D4:68:4D:3E:A3:08	-59
D4:68:4D:3E:A3:08	-60
D4:68:4D:3E:A3:08	-60
D4:68:4D:3E:A3:08	-61
D4:68:4D:3E:A3:08	-64
D4:68:4D:3E:A3:08	-84
D4:68:4D:3E:A3:08	-84
D4:68:4D:3E:A3:08	-85
D4:68:4D:3E:A3:0C	-78
D4:68:4D:3E:A3:0C	-78
D4:68:4D:3E:A3:0C	-78
D4:68:4D:3E:A3:0C	-78
D4:68:4D:3E:A3:0C	-79
D4:68:4D:3E:A3:0C	-79
D4:68:4D:3E:A3:0C	-79
D4:68:4D:3E:A3:0C	-79
D4:68:4D:3E:A3:0C	-79
D4:68:4D:3E:A3:0C	-79
D4:68:4D:3E:A3:0C	-79
D4:68:4D:3E:A3:0C	-80
D4:68:4D:3E:A3:C8	-72
D4:68:4D:3E:A3:C8	-73
D4:68:4D:3E:A3:C8	-73
D4:68:4D:3E:A3:C8	-74
D4:68:4D:3E:A3:C8	-74
D4:68:4D:3E:A3:C8	-74
D4:68:4D:3E:A3:C8	-75
D4:68:4D:3E:A3:C8	-75
D4:68:4D:3E:A3:C8	-75
D4:68:4D:3E:A3:C8	-75
D4:68:4D:3E:A3:C8	-75
D4:68:4D:3E:A3:C8	-75
D4:68:4D:3E:A4:28	-39
D4:68:4D:3E:A4:28	-40
D4:68:4D:3E:A4:28	-41
D4:68:4D:3E:A4:28	-41
D4:68:4D:3E:A4:28	-41
D4:68:4D:3E:A4:28	-42
D4:68:4D:3E:A4:28	-42
D4:68:4D:3E:A4:28	-42
D4:68:4D:3E:A4:28	-42
D4:68:4D:3E:A4:28	-42
D4:68:4D:3E:A4:28	-42
D4:68:4D:3E:A4:28	-44
D4:68:4D:3E:A4:2C	-63
D4:68:4D:3E:A4:2C	-64
D4:68:4D:3E:A4:2C	-64
D4:68:4D:3E:A4:2C	-64
D4:68:4D:3E:A4:2C	-64
D4:68:4D:3E:A4:2C	-64
D4:68:4D:3E:A4:2C	-64
D4:68:4D:3E:A4:2C	-64
D4:68:4D:3E:A4:2C	-64
D4:68:4D:3E:A4:2C	-64
D4:68:4D:3E:A4:2C	-64
D4:68:4D:3E:A4:2C	-64
D4:68:4D:3E:A6:38	-76
D4:68:4D:3E:A6:38	-76
D4:68:4D:3E:A6:38	-76
D4:68:4D:3E:A6:38	-76
D4:68:4D:3E:A6:38	-76
D4:68:4D:3E:A6:38	-76
D4:68:4D:3E:A6:38	-78
D4:68:4D:3E:A6:38	-78
D4:68:4D:3E:A6:38	-78
D4:68:4D:3E:A6:38	-78
D4:68:4D:3E:A6:38	-110
D4:68:4D:3E:A6:38	-110
D4:68:4D:3E:A6:3C	-87
D4:68:4D:3E:A6:88	-63
D4:68:4D:3E:A6:88	-68
D4:68:4D:3E:A6:88	-68
D4:68:4D:3E:A6:88	-68
D4:68:4D:3E:A6:88	-68
D4:68:4D:3E:A6:88	-68
D4:68:4D:3E:A6:88	-69
D4:68:4D:3E:A6:88	-69
D4:68:4D:3E:A6:88	-69
D4:68:4D:3E:A6:88	-70
D4:68:4D:3E:A6:88	-70
D4:68:4D:3E:A6:88	-71
D4:68:4D:3E:A6:8C	-83
D4:68:4D:3E:A6:8C	-83
D4:68:4D:3E:A6:8C	-83
D4:68:4D:3E:A6:8C	-83
D4:68:4D:3E:A6:8C	-84
D4:68:4D:3E:A6:8C	-84
D4:68:4D:3E:A6:8C	-84
D4:68:4D:3E:A6:8C	-84
D4:68:4D:3E:A6:8C	-84
D4:68:4D:3E:A6:8C	-85
D4:68:4D:3E:A6:8C	-85
D4:68:4D:3E:A6:8C	-86
D4:68:4D:3E:A7:B8	-81
D4:68:4D:3E:A7:B8	-81
D4:68:4D:3E:A7:B8	-81
D4:68:4D:3E:A7:B8	-81
D4:68:4D:3E:A7:B8	-82
D4:68:4D:3E:A7:B8	-86
D4:68:4D:3E:A7:B8	-86
D4:68:4D:3E:A7:B8	-86
D4:68:4D:3E:A7:B8	-86
D4:68:4D:3E:A7:B8	-110
D4:68:4D:3E:A7:B8	-110
D4:68:4D:3E:A7:B8	-110
DA:32:E3:A7:A9:26	-110
DA:32:E3:A7:A9:26	-110
DA:32:E3:A7:A9:26	-110
DA:32:E3:A7:A9:26	-110
DA:32:E3:A7:A9:26	-110
DA:32:E3:A7:A9:26	-110
DA:32:E3:A7:A9:26	-110
DA:32:E3:A7:A9:26	-110
DA:32:E3:A7:A9:26	-110
DA:32:E3:A7:A9:26	-110
DA:32:E3:A7:A9:26	-110
DA:32:E3:A7:A9:26	-110
00:1E:4A:8F:F5:D0	-110
00:1E:4A:8F:F5:D0	-110
00:1E:4A:8F:F5:D0	-110
00:1E:4A:8F:F5:D0	-110
00:1E:4A:8F:F5:D0	-110
00:1E:4A:8F:F5:D0	-110
00:1E:4A:8F:F5:D0	-110
00:1E:4A:8F:F5:D0	-110
00:1E:4A:8F:F5:D0	-110
00:1E:4A:8F:F5:D0	-110
00:1E:4A:8F:F5:D0	-110
00:1E:4A:8F:FE:30	-110
00:1E:4A:8F:FE:30	-110
00:1E:4A:8F:FE:30	-110
00:1E:4A:8F:FE:30	-110
00:1E:4A:8F:FE:30	-110
00:1E:4A:8F:FE:30	-110
00:1E:4A:8F:FE:30	-110
00:1E:4A:8F:FE:30	-110
00:1E:4A:8F:FE:30	-110
00:1E:4A:8F:FE:30	-110
00:1E:4A:8F:FE:30	-110
00:1E:4A:90:00:20	-75
00:1E:4A:90:00:20	-75
00:1E:4A:90:00:20	-75
00:1E:4A:90:00:20	-75
00:1E:4A:90:00:20	-75
00:1E:4A:90:00:20	-75
00:1E:4A:90:00:20	-75
00:1E:4A:90:00:20	-75
00:1E:4A:90:00:20	-76
00:1E:4A:90:00:20	-76
00:1E:4A:90:00:20	-78
00:1E:4A:90:04:30	-110
00:1E:4A:90:04:30	-110
00:1E:4A:90:04:30	-110
00:1E:4A:90:04:30	-110
00:1E:4A:90:04:30	-110
00:1E:4A:90:04:30	-110
00:1E:4A:90:04:30	-110
00:1E:4A:90:04:30	-110
00:1E:4A:90:04:30	-110
00:1E:4A:90:04:30	-110
00:1E:4A:90:04:30	-110
00:22:6B:47:B8:32	-88
00:22:6B:47:B8:32	-88
00:22:6B:47:B8:32	-89
00:22:6B:47:B8:32	-89
00:22:6B:47:B8:32	-89
00:22:6B:47:B8:32	-89
00:22:6B:47:B8:32	-89
00:22:6B:47:B8:32	-90
00:22:6B:47:B8:32	-90
00:22:6B:47:B8:32	-90
00:22:6B:47:B8:32	-90
10:07:B6:CD:D5:A7	-110
10:07:B6:CD:D5:A7	-110
10:07:B6:CD:D5:A7	-110
10:07:B6:CD:D5:A7	-110
10:07:B6:CD:D5:A7	-110
10:07:B6:CD:D5:A7	-110
10:07:B6:CD:D5:A7	-110
10:07:B6:CD:D5:A7	-110
10:07:B6:CD:D5:A7	-110
10:07:B6:CD:D5:A7	-110
10:07:B6:CD:D5:A7	-110
2C:E6:CC:1A:CB:D8	-110
2C:E6:CC:1A:CB:D8	-110
2C:E6:CC:1A:CB:D8	-110
2C:E6:CC:1A:CB:D8	-110
2C:E6:CC:1A:CB:D8	-110
2C:E6:CC:1A:CB:D8	-110
2C:E6:CC:1A:CB:D8	-110
2C:E6:CC:1A:CB:D8	-110
2C:E6:CC:1A:CB:D8	-110
2C:E6:CC:1A:CB:D8	-110
2C:E6:CC:1A:CB:D8	-110
42:49:0F:9A:96:50	-82
42:49:0F:9A:96:50	-82
42:49:0F:9A:96:50	-82
42:49:0F:9A:96:50	-85
42:49:0F:9A:96:50	-85
42:49:0F:9A:96:50	-85
42:49:0F:9A:96:50	-85
42:49:0F:9A:96:50	-110
42:49:0F:9A:96:50	-110
42:49:0F:9A:96:50	-110
42:49:0F:9A:96:50	-110
44:1C:A8:0F:72:9E	-82
44:1C:A8:0F:72:9E	-84
44:1C:A8:0F:72:9E	-84
44:1C:A8:0F:72:9E	-84
44:1C:A8:0F:72:9E	-84
44:1C:A8:0F:72:9E	-84
44:1C:A8:0F:72:9E	-84
44:1C:A8:0F:72:9E	-84
44:1C:A8:0F:72:9E	-110
44:1C:A8:0F:72:9E	-110
44:1C:A8:0F:72:9E	-110
58:93:96:08:4A:18	-67
58:93:96:08:4A:18	-67
58:93:96:08:4A:18	-67
58:93:96:08:4A:18	-67
58:93:96:08:4A:18	-68
58:93:96:08:4A:18	-68
58:93:96:08:4A:18	-68
58:93:96:08:4A:18	-68
58:93:96:08:4A:18	-74
58:93:96:08:4A:18	-74
58:93:96:08:4A:18	-110
6C:AA:B3:32:24:68	-110
6C:AA:B3:32:24:68	-110
6C:AA:B3:32:24:68	-110
6C:AA:B3:32:24:68	-110
6C:AA:B3:32:24:68	-110
6C:AA:B3:32:24:68	-110
6C:AA:B3:32:24:68	-110
6C:AA:B3:32:24:68	-110
6C:AA:B3:32:24:68	-110
6C:AA:B3:32:24:68	-110
6C:AA:B3:32:24:68	-110
6C:AA:B3:32:31:C8	-91
6C:AA:B3:32:31:C8	-91
6C:AA:B3:32:31:C8	-91
6C:AA:B3:32:31:C8	-91
6C:AA:B3:32:31:C8	-110
6C:AA:B3:32:31:C8	-110
6C:AA:B3:32:31:C8	-110
6C:AA:B3:32:31:C8	-110
6C:AA:B3:32:31:C8	-110
6C:AA:B3:32:31:C8	-110
6C:AA:B3:32:31:C8	-110
6C:AA:B3:72:24:68	-110
6C:AA:B3:72:24:68	-110
6C:AA:B3:72:24:68	-110
6C:AA:B3:72:24:68	-110
6C:AA:B3:72:24:68	-110
6C:AA:B3:72:24:68	-110
6C:AA:B3:72:24:68	-110
6C:AA:B3:72:24:68	-110
6C:AA:B3:72:24:68	-110
6C:AA:B3:72:24:68	-110
6C:AA:B3:72:24:68	-110
6C:AA:B3:72:31:C8	-90
6C:AA:B3:72:31:C8	-90
6C:AA:B3:72:31:C8	-90
6C:AA:B3:72:31:C8	-90
6C:AA:B3:72:31:C8	-110
6C:AA:B3:72:31:C8	-110
6C:AA:B3:72:31:C8	-110
6C:AA:B3:72:31:C8	-110
6C:AA:B3:72:31:C8	-110
6C:AA:B3:72:31:C8	-110
6C:AA:B3:72:31:C8	-110
94:F6:65:1D:EC:D8	-110
94:F6:65:1D:EC:D8	-110
94:F6:65:1D:EC:D8	-110
94:F6:65:1D:EC:D8	-110
94:F6:65:1D:EC:D8	-110
94:F6:65:1D:EC:D8	-110
94:F6:65:1D:EC:D8	-110
94:F6:65:1D:EC:D8	-110
94:F6:65:1D:EC:D8	-110
94:F6:65:1D:EC:D8	-110
94:F6:65:1D:EC:D8	-110
D4:68:4D:3E:19:78	-67
D4:68:4D:3E:19:78	-67
D4:68:4D:3E:19:78	-67
D4:68:4D:3E:19:78	-68
D4:68:4D:3E:19:78	-68
D4:68:4D:3E:19:78	-68
D4:68:4D:3E:19:78	-68
D4:68:4D:3E:19:78	-68
D4:68:4D:3E:19:78	-82
D4:68:4D:3E:19:78	-82
D4:68:4D:3E:19:78	-82
D4:68:4D:3E:19:7C	-83
D4:68:4D:3E:19:7C	-83
D4:68:4D:3E:19:7C	-83
D4:68:4D:3E:19:7C	-83
D4:68:4D:3E:19:7C	-83
D4:68:4D:3E:19:7C	-84
D4:68:4D:3E:19:7C	-84
D4:68:4D:3E:19:7C	-84
D4:68:4D:3E:19:7C	-84
D4:68:4D:3E:19:7C	-84
D4:68:4D:3E:19:7C	-86
D4:68:4D:3E:54:88	-110
D4:68:4D:3E:54:88	-110
D4:68:4D:3E:54:88	-110
D4:68:4D:3E:54:88	-110
D4:68:4D:3E:54:88	-110
D4:68:4D:3E:54:88	-110
D4:68:4D:3E:54:88	-110
D4:68:4D:3E:54:88	-110
D4:68:4D:3E:54:88	-110
D4:68:4D:3E:54:88	-110
D4:68:4D:3E:54:88	-110
D4:68:4D:3E:54:98	-53
D4:68:4D:3E:54:98	-54
D4:68:4D:3E:54:98	-54
D4:68:4D:3E:54:98	-54
D4:68:4D:3E:54:98	-54
D4:68:4D:3E:54:98	-55
D4:68:4D:3E:54:98	-55
D4:68:4D:3E:54:98	-56
D4:68:4D:3E:54:98	-56
D4:68:4D:3E:54:98	-56
D4:68:4D:3E:54:98	-69
D4:68:4D:3E:54:9C	-76
D4:68:4D:3E:54:9C	-76
D4:68:4D:3E:54:9C	-76
D4:68:4D:3E:54:9C	-76
D4:68:4D:3E:54:9C	-76
D4:68:4D:3E:54:9C	-76
D4:68:4D:3E:54:9C	-78
D4:68:4D:3E:54:9C	-110
D4:68:4D:3E:54:9C	-110
D4:68:4D:3E:54:9C	-110
D4:68:4D:3E:54:9C	-110
D4:68:4D:3E:54:D8	-78
D4:68:4D:3E:54:D8	-78
D4:68:4D:3E:54:D8	-78
D4:68:4D:3E:54:D8	-78
D4:68:4D:3E:54:D8	-80
D4:68:4D:3E:54:D8	-80
D4:68:4D:3E:54:D8	-82
D4:68:4D:3E:54:D8	-82
D4:68:4D:3E:54:D8	-82
D4:68:4D:3E:54:D8	-82
D4:68:4D:3E:54:D8	-110
D4:68:4D:3E:54:DC	-110
D4:68:4D:3E:54:DC	-110
D4:68:4D:3E:54:DC	-110
D4:68:4D:3E:54:DC	-110
D4:68:4D:3E:54:DC	-110
D4:68:4D:3E:54:DC	-110
D4:68:4D:3E:54:DC	-110
D4:68:4D:3E:54:DC	-110
D4:68:4D:3E:54:DC	-110
D4:68:4D:3E:54:DC	-110
D4:68:4D:3E:54:DC	-110
D4:68:4D:3E:58:E8	-69
D4:68:4D:3E:58:E8	-70
D4:68:4D:3E:58:E8	-70
D4:68:4D:3E:58:E8	-70
D4:68:4D:3E:58:E8	-70
D4:68:4D:3E:58:E8	-70
D4:68:4D:3E:58:E8	-70
D4:68:4D:3E:58:E8	-70
D4:68:4D:3E:58:E8	-71
D4:68:4D:3E:58:E8	-71
D4:68:4D:3E:58:E8	-88
D4:68:4D:3E:58:EC	-85
D4:68:4D:3E:58:EC	-85
D4:68:4D:3E:58:EC	-85
D4:68:4D:3E:58:EC	-85
D4:68:4D:3E:58:EC	-85
D4:68:4D:3E:58:EC	-85
D4:68:4D:3E:58:EC	-85
D4:68:4D:3E:58:EC	-86
D4:68:4D:3E:58:EC	-86
D4:68:4D:3E:58:EC	-86
D4:68:4D:3E:58:EC	-86
D4:68:4D:3E:59:38	-67
D4:68:4D:3E:59:38	-70
D4:68:4D:3E:59:38	-71
D4:68:4D:3E:59:38	-72
D4:68:4D:3E:59:38	-72
D4:68:4D:3E:59:38	-72
D4:68:4D:3E:59:38	-73
D4:68:4D:3E:59:38	-74
D4:68:4D:3E:59:38	-74
D4:68:4D:3E:59:38	-74
D4:68:4D:3E:59:38	-74
D4:68:4D:3E:59:3C	-74
D4:68:4D:3E:59:3C	-76
D4:68:4D:3E:59:3C	-76
D4:68:4D:3E:59:3C	-77
D4:68:4D:3E:59:3C	-77
D4:68:4D:3E:59:3C	-77
D4:68:4D:3E:59:3C	-77
D4:68:4D:3E:59:3C	-77
D4:68:4D:3E:59:3C	-77
D4:68:4D:3E:59:3C	-78
D4:68:4D:3E:59:3C	-81
D4:68:4D:3E:77:38	-79
D4:68:4D:3E:77:38	-79
D4:68:4D:3E:77:38	-79
D4:68:4D:3E:77:38	-79
D4:68:4D:3E:77:38	-80
D4:68:4D:3E:77:38	-80
D4:68:4D:3E:77:38	-82
D4:68:4D:3E:77:38	-82
D4:68:4D:3E:77:38	-110
D4:68:4D:3E:77:38	-110
D4:68:4D:3E:77:38	-110
D4:68:4D:3E:77:3C	-110
D4:68:4D:3E:77:3C	-110
D4:68:4D:3E:77:3C	-110
D4:68:4D:3E:77:3C	-110
D4:68:4D:3E:77:3C	-110
D4:68:4D:3E:77:3C	-110
D4:68:4D:3E:77:3C	-110
D4:68:4D:3E:77:3C	-110
D4:68:4D:3E:77:3C	-110
D4:68:4D:3E:77:3C	-110
D4:68:4D:3E:77:3C	-110
D4:68:4D:3E:81:88	-64
D4:68:4D:3E:81:88	-64
D4:68:4D:3E:81:88	-64
D4:68:4D:3E:81:88	-65
D4:68:4D:3E:81:88	-65
D4:68:4D:3E:81:88	-65
D4:68:4D:3E:81:88	-65
D4:68:4D:3E:81:88	-66
D4:68:4D:3E:81:88	-66
D4:68:4D:3E:81:88	-66
D4:68:4D:3E:81:88	-66
D4:68:4D:3E:81:8C	-77
D4:68:4D:3E:81:8C	-77
D4:68:4D:3E:81:8C	-77
D4:68:4D:3E:81:8C	-78
D4:68:4D:3E:81:8C	-78
D4:68:4D:3E:81:8C	-78
D4:68:4D:3E:81:8C	-79
D4:68:4D:3E:81:8C	-79
D4:68:4D:3E:81:8C	-79
D4:68:4D:3E:81:8C	-80
D4:68:4D:3E:81:8C	-81
D4:68:4D:3E:81:98	-45
D4:68:4D:3E:81:98	-45
D4:68:4D:3E:81:98	-45
D4:68:4D:3E:81:98	-45
D4:68:4D:3E:81:98	-46
D4:68:4D:3E:81:98	-46
D4:68:4D:3E:81:98	-46
D4:68:4D:3E:81:98	-47
D4:68:4D:3E:81:98	-47
D4:68:4D:3E:81:98	-48
D4:68:4D:3E:81:98	-77
D4:68:4D:3E:81:9C	-65
D4:68:4D:3E:81:9C	-65
D4:68:4D:3E:81:9C	-66
D4:68:4D:3E:81:9C	-66
D4:68:4D:3E:81:9C	-66
D4:68:4D:3E:81:9C	-66
D4:68:4D:3E:81:9C	-66
D4:68:4D:3E:81:9C	-66
D4:68:4D:3E:81:9C	-66
D4:68:4D:3E:81:9C	-66
D4:68:4D:3E:81:9C	-70
D4:68:4D:3E:81:A8	-57
D4:68:4D:3E:81:A8	-57
D4:68:4D:3E:81:A8	-58
D4:68:4D:3E:81:A8	-58
D4:68:4D:3E:81:A8	-58
D4:68:4D:3E:81:A8	-58
D4:68:4D:3E:81:A8	-58
D4:68:4D:3E:81:A8	-58
D4:68:4D:3E:81:A8	-59
D4:68:4D:3E:81:A8	-59
D4:68:4D:3E:81:A8	-59
D4:68:4D:3E:81:AC	-82
D4:68:4D:3E:81:AC	-83
D4:68:4D:3E:81:AC	-83
D4:68:4D:3E:81:AC	-83
D4:68:4D:3E:81:AC	-83
D4:68:4D:3E:81:AC	-83
D4:68:4D:3E:81:AC	-83
D4:68:4D:3E:81:AC	-83
D4:68:4D:3E:81:AC	-83
D4:68:4D:3E:81:AC	-83
D4:68:4D:3E:81:AC	-83
D4:68:4D:3E:81:C8	-90
D4:68:4D:3E:81:C8	-91
D4:68:4D:3E:81:C8	-91
D4:68:4D:3E:81:C8	-91
D4:68:4D:3E:81:C8	-91
D4:68:4D:3E:81:C8	-91
D4:68:4D:3E:81:C8	-91
D4:68:4D:3E:81:C8	-110
D4:68:4D:3E:81:C8	-110
D4:68:4D:3E:81:C8	-110
D4:68:4D:3E:81:C8	-110
D4:68:4D:3E:82:98	-47
D4:68:4D:3E:82:98	-50
D4:68:4D:3E:82:98	-51
D4:68:4D:3E:82:98	-53
D4:68:4D:3E:82:98	-53
D4:68:4D:3E:82:98	-53
D4:68:4D:3E:82:98	-55
D4:68:4D:3E:82:98	-59
D4:68:4D:3E:82:98	-60
D4:68:4D:3E:82:98	-89
D4:68:4D:3E:82:98	-89
D4:68:4D:3E:82:9C	-47
D4:68:4D:3E:82:9C	-48
D4:68:4D:3E:82:9C	-48
D4:68:4D:3E:82:9C	-50
D4:68:4D:3E:82:9C	-50
D4:68:4D:3E:82:9C	-50
D4:68:4D:3E:82:9C	-50
D4:68:4D:3E:82:9C	-51
D4:68:4D:3E:82:9C	-53
D4:68:4D:3E:82:9C	-53
D4:68:4D:3E:82:9C	-64
D4:68:4D:3E:87:F8	-55
D4:68:4D:3E:87:F8	-57
D4:68:4D:3E:87:F8	-57
D4:68:4D:3E:87:F8	-58
D4:68:4D:3E:87:F8	-58
D4:68:4D:3E:87:F8	-59
D4:68:4D:3E:87:F8	-59
D4:68:4D:3E:87:F8	-59
D4:68:4D:3E:87:F8	-59
D4:68:4D:3E:87:F8	-60
D4:68:4D:3E:87:F8	-62
D4:68:4D:3E:87:FC	-61
D4:68:4D:3E:87:FC	-64
D4:68:4D:3E:87:FC	-64
D4:68:4D:3E:87:FC	-65
D4:68:4D:3E:87:FC	-65
D4:68:4D:3E:87:FC	-66
D4:68:4D:3E:87:FC	-66
D4:68:4D:3E:87:FC	-66
D4:68:4D:3E:87:FC	-66
D4:68:4D:3E:87:FC	-67
D4:68:4D:3E:87:FC	-110
D4:68:4D:3E:89:58	-85
D4:68:4D:3E:89:58	-85
D4:68:4D:3E:89:58	-85
D4:68:4D:3E:89:58	-85
D4:68:4D:3E:89:58	-85
D4:68:4D:3E:89:58	-85
D4:68:4D:3E:89:58	-86
D4:68:4D:3E:89:58	-86
D4:68:4D:3E:89:58	-86
D4:68:4D:3E:89:58	-88
D4:68:4D:3E:89:58	-110
D4:68:4D:3E:8A:68	-46
D4:68:4D:3E:8A:68	-46
D4:68:4D:3E:8A:68	-47
D4:68:4D:3E:8A:68	-47
D4:68:4D:3E:8A:68	-47
D4:68:4D:3E:8A:68	-47
D4:68:4D:3E:8A:68	-48
D4:68:4D:3E:8A:68	-48
D4:68:4D:3E:8A:68	-48
D4:68:4D:3E:8A:68	-48
D4:68:4D:3E:8A:68	-49
D4:68:4D:3E:8A:6C	-59
D4:68:4D:3E:8A:6C	-59
D4:68:4D:3E:8A:6C	-59
D4:68:4D:3E:8A:6C	-59
D4:68:4D:3E:8A:6C	-59
D4:68:4D:3E:8A:6C	-60
D4:68:4D:3E:8A:6C	-61
D4:68:4D:3E:8A:6C	-61
D4:68:4D:3E:8A:6C	-61
D4:68:4D:3E:8A:6C	-61
D4:68:4D:3E:8A:6C	-61
D4:68:4D:3E:8B:48	-110
D4:68:4D:3E:8B:48	-110
D4:68:4D:3E:8B:48	-110
D4:68:4D:3E:8B:48	-110
D4:68:4D:3E:8B:48	-110
D4:68:4D:3E:8B:48	-110
D4:68:4D:3E:8B:48	-110
D4:68:4D:3E:8B:48	-110
D4:68:4D:3E:8B:48	-110
D4:68:4D:3E:8B:48	-110
D4:68:4D:3E:8B:48	-110
D4:68:4D:3E:8C:88	-58
D4:68:4D:3E:8C:88	-58
D4:68:4D:3E:8C:88	-58
D4:68:4D:3E:8C:88	-60
D4:68:4D:3E:8C:88	-61
D4:68:4D:3E:8C:88	-61
D4:68:4D:3E:8C:88	-65
D4:68:4D:3E:8C:88	-72
D4:68:4D:3E:8C:88	-72
D4:68:4D:3E:8C:88	-87
D4:68:4D:3E:8C:88	-89
D4:68:4D:3E:8C:8C	-65
D4:68:4D:3E:8C:8C	-66
D4:68:4D:3E:8C:8C	-66
D4:68:4D:3E:8C:8C	-66
D4:68:4D:3E:8C:8C	-67
D4:68:4D:3E:8C:8C	-67
D4:68:4D:3E:8C:8C	-67
D4:68:4D:3E:8C:8C	-67
D4:68:4D:3E:8C:8C	-67
D4:68:4D:3E:8C:8C	-67
D4:68:4D:3E:8C:8C	-71
D4:68:4D:3E:8E:38	-110
D4:68:4D:3E:8E:38	-110
D4:68:4D:3E:8E:38	-110
D4:68:4D:3E:8E:38	-110
D4:68:4D:3E:8E:38	-110
D4:68:4D:3E:8E:38	-110
D4:68:4D:3E:8E:38	-110
D4:68:4D:3E:8E:38	-110
D4:68:4D:3E:8E:38	-110
D4:68:4D:3E:8E:38	-110
D4:68:4D:3E:8E:38	-110
D4:68:4D:3E:8E:88	-64
D4:68:4D:3E:8E:88	-69
D4:68:4D:3E:8E:88	-70
D4:68:4D:3E:8E:88	-70
D4:68:4D:3E:8E:88	-70
D4:68:4D:3E:8E:88	-70
D4:68:4D:3E:8E:88	-70
D4:68:4D:3E:8E:88	-70
D4:68:4D:3E:8E:88	-72
D4:68:4D:3E:8E:88	-72
D4:68:4D:3E:8E:88	-72
D4:68:4D:3E:8E:8C	-87
D4:68:4D:3E:8E:8C	-87
D4:68:4D:3E:8E:8C	-87
D4:68:4D:3E:8E:8C	-87
D4:68:4D:3E:8E:8C	-87
D4:68:4D:3E:8E:8C	-87
D4:68:4D:3E:8E:8C	-88
D4:68:4D:3E:8E:8C	-88
D4:68:4D:3E:8E:8C	-88
D4:68:4D:3E:8E:8C	-88
D4:68:4D:3E:8E:8C	-88
D4:68:4D:3E:91:D8	-46
D4:68:4D:3E:91:D8	-46
D4:68:4D:3E:91:D8	-46
D4:68:4D:3E:91:D8	-46
D4:68:4D:3E:91:D8	-46
D4:68:4D:3E:91:D8	-46
D4:68:4D:3E:91:D8	-47
D4:68:4D:3E:91:D8	-48
D4:68:4D:3E:91:D8	-48
D4:68:4D:3E:91:D8	-48
D4:68:4D:3E:91:D8	-50
D4:68:4D:3E:91:DC	-55
D4:68:4D:3E:91:DC	-55
D4:68:4D:3E:91:DC	-55
D4:68:4D:3E:91:DC	-55
D4:68:4D:3E:91:DC	-55
D4:68:4D:3E:91:DC	-56
D4:68:4D:3E:91:DC	-56
D4:68:4D:3E:91:DC	-56
D4:68:4D:3E:91:DC	-56
D4:68:4D:3E:91:DC	-56
D4:68:4D:3E:91:DC	-56
D4:68:4D:3E:97:F8	-110
D4:68:4D:3E:97:F8	-110
D4:68:4D:3E:97:F8	-110
D4:68:4D:3E:97:F8	-110
D4:68:4D:3E:97:F8	-110
D4:68:4D:3E:97:F8	-110
D4:68:4D:3E:97:F8	-110
D4:68:4D:3E:97:F8	-110
D4:68:4D:3E:97:F8	-110
D4:68:4D:3E:97:F8	-110
D4:68:4D:3E:97:F8	-110
D4:68:4D:3E:A3:08	-54
D4:68:4D:3E:A3:08	-57
D4:68:4D:3E:A3:08	-58
D4:68:4D:3E:A3:08	-59
D4:68:4D:3E:A3:08	-59
D4:68:4D:3E:A3:08	-60
D4:68:4D:3E:A3:08	-60
D4:68:4D:3E:A3:08	-61
D4:68:4D:3E:A3:08	-61
D4:68:4D:3E:A3:08	-62
D4:68:4D:3E:A3:08	-77
D4:68:4D:3E:A3:0C	-79
D4:68:4D:3E:A3:0C	-79
D4:68:4D:3E:A3:0C	-79
D4:68:4D:3E:A3:0C	-79
D4:68:4D:3E:A3:0C	-79
D4:68:4D:3E:A3:0C	-80
D4:68:4D:3E:A3:0C	-80
D4:68:4D:3E:A3:0C	-80
D4:68:4D:3E:A3:0C	-80
D4:68:4D:3E:A3:0C	-80
D4:68:4D:3E:A3:0C	-81
D4:68:4D:3E:A3:C8	-76
D4:68:4D:3E:A3:C8	-77
D4:68:4D:3E:A3:C8	-77
D4:68:4D:3E:A3:C8	-77
D4:68:4D:3E:A3:C8	-77
D4:68:4D:3E:A3:C8	-79
D4:68:4D:3E:A3:C8	-79
D4:68:4D:3E:A3:C8	-79
D4:68:4D:3E:A3:C8	-79
D4:68:4D:3E:A3:C8	-110
D4:68:4D:3E:A3:C8	-110
D4:68:4D:3E:A4:28	-43
D4:68:4D:3E:A4:28	-44
D4:68:4D:3E:A4:28	-45
D4:68:4D:3E:A4:28	-45
D4:68:4D:3E:A4:28	-45
D4:68:4D:3E:A4:28	-46
D4:68:4D:3E:A4:28	-47
D4:68:4D:3E:A4:28	-47
D4:68:4D:3E:A4:28	-72
D4:68:4D:3E:A4:28	-72
D4:68:4D:3E:A4:28	-73
D4:68:4D:3E:A4:2C	-63
D4:68:4D:3E:A4:2C	-64
D4:68:4D:3E:A4:2C	-64
D4:68:4D:3E:A4:2C	-64
D4:68:4D:3E:A4:2C	-64
D4:68:4D:3E:A4:2C	-64
D4:68:4D:3E:A4:2C	-64
D4:68:4D:3E:A4:2C	-64
D4:68:4D:3E:A4:2C	-64
D4:68:4D:3E:A4:2C	-65
D4:68:4D:3E:A4:2C	-67
D4:68:4D:3E:A6:38	-69
D4:68:4D:3E:A6:38	-69
D4:68:4D:3E:A6:38	-69
D4:68:4D:3E:A6:38	-70
D4:68:4D:3E:A6:38	-70
D4:68:4D:3E:A6:38	-70
D4:68:4D:3E:A6:38	-70
D4:68:4D:3E:A6:38	-70
D4:68:4D:3E:A6:38	-70
D4:68:4D:3E:A6:38	-71
D4:68:4D:3E:A6:38	-71
D4:68:4D:3E:A6:88	-68
D4:68:4D:3E:A6:88	-69
D4:68:4D:3E:A6:88	-69
D4:68:4D:3E:A6:88	-69
D4:68:4D:3E:A6:88	-69
D4:68:4D:3E:A6:88	-70
D4:68:4D:3E:A6:88	-70
D4:68:4D:3E:A6:88	-70
D4:68:4D:3E:A6:88	-70
D4:68:4D:3E:A6:88	-70
D4:68:4D:3E:A6:88	-71
D4:68:4D:3E:A6:8C	-82
D4:68:4D:3E:A6:8C	-83
D4:68:4D:3E:A6:8C	-83
D4:68:4D:3E:A6:8C	-83
D4:68:4D:3E:A6:8C	-83
D4:68:4D:3E:A6:8C	-83
D4:68:4D:3E:A6:8C	-83
D4:68:4D:3E:A6:8C	-83
D4:68:4D:3E:A6:8C	-83
D4:68:4D:3E:A6:8C	-83
D4:68:4D:3E:A6:8C	-84
D4:68:4D:3E:A7:B8	-84
D4:68:4D:3E:A7:B8	-84
D4:68:4D:3E:A7:B8	-84
D4:68:4D:3E:A7:B8	-85
D4:68:4D:3E:A7:B8	-85
D4:68:4D:3E:A7:B8	-86
D4:68:4D:3E:A7:B8	-88
D4:68:4D:3E:A7:B8	-88
D4:68:4D:3E:A7:B8	-88
D4:68:4D:3E:A7:B8	-88
D4:68:4D:3E:A7:B8	-110
D4:C1:9E:3F:1A:98	-74
D4:C1:9E:3F:1A:98	-74
D4:C1:9E:3F:1A:98	-74
D4:C1:9E:3F:1A:98	-74
D4:C1:9E:3F:1A:98	-74
D4:C1:9E:3F:1A:98	-75
D4:C1:9E:3F:1A:98	-75
D4:C1:9E:3F:1A:98	-75
D4:C1:9E:3F:1A:98	-75
D4:C1:9E:3F:1A:98	-75
D4:C1:9E:3F:1A:98	-75
D4:C1:9E:7F:1A:58	-110
D4:C1:9E:7F:1A:58	-110
D4:C1:9E:7F:1A:58	-110
D4:C1:9E:7F:1A:58	-110
D4:C1:9E:7F:1A:58	-110
D4:C1:9E:7F:1A:58	-110
D4:C1:9E:7F:1A:58	-110
D4:C1:9E:7F:1A:58	-110
D4:C1:9E:7F:1A:58	-110
D4:C1:9E:7F:1A:58	-110
D4:C1:9E:7F:1A:58	-110
DA:32:E3:B9:FF:04	-37
DA:32:E3:B9:FF:04	-40
DA:32:E3:B9:FF:04	-41
DA:32:E3:B9:FF:04	-42
DA:32:E3:B9:FF:04	-42
DA:32:E3:B9:FF:04	-45
DA:32:E3:B9:FF:04	-45
DA:32:E3:B9:FF:04	-46
DA:32:E3:B9:FF:04	-48
DA:32:E3:B9:FF:04	-51
DA:32:E3:B9:FF:04	-53
