00:1E:4A:8F:F5:D0	-110
00:1E:4A:8F:F5:D0	-110
00:1E:4A:8F:F5:D0	-110
00:1E:4A:8F:F5:D0	-110
00:1E:4A:8F:F5:D0	-110
00:1E:4A:8F:F5:D0	-110
00:1E:4A:8F:F5:D0	-110
00:1E:4A:8F:F5:D0	-110
00:1E:4A:8F:F5:D0	-110
00:1E:4A:8F:F5:D0	-110
00:1E:4A:8F:FE:30	-110
00:1E:4A:8F:FE:30	-110
00:1E:4A:8F:FE:30	-110
00:1E:4A:8F:FE:30	-110
00:1E:4A:8F:FE:30	-110
00:1E:4A:8F:FE:30	-110
00:1E:4A:8F:FE:30	-110
00:1E:4A:8F:FE:30	-110
00:1E:4A:8F:FE:30	-110
00:1E:4A:8F:FE:30	-110
00:1E:4A:90:00:20	-70
00:1E:4A:90:00:20	-70
00:1E:4A:90:00:20	-70
00:1E:4A:90:00:20	-70
00:1E:4A:90:00:20	-70
00:1E:4A:90:00:20	-70
00:1E:4A:90:00:20	-70
00:1E:4A:90:00:20	-70
00:1E:4A:90:00:20	-70
00:1E:4A:90:00:20	-70
00:1E:4A:90:01:70	-110
00:1E:4A:90:01:70	-110
00:1E:4A:90:01:70	-110
00:1E:4A:90:01:70	-110
00:1E:4A:90:01:70	-110
00:1E:4A:90:01:70	-110
00:1E:4A:90:01:70	-110
00:1E:4A:90:01:70	-110
00:1E:4A:90:01:70	-110
00:1E:4A:90:01:70	-110
00:1E:4A:90:04:30	-110
00:1E:4A:90:04:30	-110
00:1E:4A:90:04:30	-110
00:1E:4A:90:04:30	-110
00:1E:4A:90:04:30	-110
00:1E:4A:90:04:30	-110
00:1E:4A:90:04:30	-110
00:1E:4A:90:04:30	-110
00:1E:4A:90:04:30	-110
00:1E:4A:90:04:30	-110
00:22:6B:47:B8:32	-87
00:22:6B:47:B8:32	-87
00:22:6B:47:B8:32	-87
00:22:6B:47:B8:32	-87
00:22:6B:47:B8:32	-87
00:22:6B:47:B8:32	-87
00:22:6B:47:B8:32	-87
00:22:6B:47:B8:32	-87
00:22:6B:47:B8:32	-87
00:22:6B:47:B8:32	-110
42:49:0F:9A:96:50	-84
42:49:0F:9A:96:50	-84
42:49:0F:9A:96:50	-84
42:49:0F:9A:96:50	-84
42:49:0F:9A:96:50	-110
42:49:0F:9A:96:50	-110
42:49:0F:9A:96:50	-110
42:49:0F:9A:96:50	-110
42:49:0F:9A:96:50	-110
42:49:0F:9A:96:50	-110
44:1C:A8:0F:72:9E	-85
44:1C:A8:0F:72:9E	-85
44:1C:A8:0F:72:9E	-85
44:1C:A8:0F:72:9E	-85
44:1C:A8:0F:72:9E	-85
44:1C:A8:0F:72:9E	-85
44:1C:A8:0F:72:9E	-85
44:1C:A8:0F:72:9E	-85
44:1C:A8:0F:72:9E	-110
44:1C:A8:0F:72:9E	-110
50:8F:4C:A9:EF:85	-43
50:8F:4C:A9:EF:85	-44
50:8F:4C:A9:EF:85	-45
50:8F:4C:A9:EF:85	-48
50:8F:4C:A9:EF:85	-48
50:8F:4C:A9:EF:85	-48
50:8F:4C:A9:EF:85	-53
50:8F:4C:A9:EF:85	-53
50:8F:4C:A9:EF:85	-59
50:8F:4C:A9:EF:85	-60
58:93:96:08:4A:18	-72
58:93:96:08:4A:18	-72
58:93:96:08:4A:18	-72
58:93:96:08:4A:18	-72
58:93:96:08:4A:18	-77
58:93:96:08:4A:18	-77
58:93:96:08:4A:18	-78
58:93:96:08:4A:18	-78
58:93:96:08:4A:18	-110
58:93:96:08:4A:18	-110
58:93:96:08:4A:1C	-110
58:93:96:08:4A:1C	-110
58:93:96:08:4A:1C	-110
58:93:96:08:4A:1C	-110
58:93:96:08:4A:1C	-110
58:93:96:08:4A:1C	-110
58:93:96:08:4A:1C	-110
58:93:96:08:4A:1C	-110
58:93:96:08:4A:1C	-110
58:93:96:08:4A:1C	-110
6C:AA:B3:32:31:C8	-110
6C:AA:B3:32:31:C8	-110
6C:AA:B3:32:31:C8	-110
6C:AA:B3:32:31:C8	-110
6C:AA:B3:32:31:C8	-110
6C:AA:B3:32:31:C8	-110
6C:AA:B3:32:31:C8	-110
6C:AA:B3:32:31:C8	-110
6C:AA:B3:32:31:C8	-110
6C:AA:B3:32:31:C8	-110
6C:AA:B3:72:31:C8	-110
6C:AA:B3:72:31:C8	-110
6C:AA:B3:72:31:C8	-110
6C:AA:B3:72:31:C8	-110
6C:AA:B3:72:31:C8	-110
6C:AA:B3:72:31:C8	-110
6C:AA:B3:72:31:C8	-110
6C:AA:B3:72:31:C8	-110
6C:AA:B3:72:31:C8	-110
6C:AA:B3:72:31:C8	-110
D4:68:4D:3E:19:78	-67
D4:68:4D:3E:19:78	-67
D4:68:4D:3E:19:78	-67
D4:68:4D:3E:19:78	-69
D4:68:4D:3E:19:78	-69
D4:68:4D:3E:19:78	-69
D4:68:4D:3E:19:78	-69
D4:68:4D:3E:19:78	-69
D4:68:4D:3E:19:78	-69
D4:68:4D:3E:19:78	-69
D4:68:4D:3E:19:7C	-79
D4:68:4D:3E:19:7C	-81
D4:68:4D:3E:19:7C	-81
D4:68:4D:3E:19:7C	-82
D4:68:4D:3E:19:7C	-82
D4:68:4D:3E:19:7C	-82
D4:68:4D:3E:19:7C	-82
D4:68:4D:3E:19:7C	-82
D4:68:4D:3E:19:7C	-82
D4:68:4D:3E:19:7C	-83
D4:68:4D:3E:54:88	-110
D4:68:4D:3E:54:88	-110
D4:68:4D:3E:54:88	-110
D4:68:4D:3E:54:88	-110
D4:68:4D:3E:54:88	-110
D4:68:4D:3E:54:88	-110
D4:68:4D:3E:54:88	-110
D4:68:4D:3E:54:88	-110
D4:68:4D:3E:54:88	-110
D4:68:4D:3E:54:88	-110
D4:68:4D:3E:54:8C	-85
D4:68:4D:3E:54:8C	-86
D4:68:4D:3E:54:8C	-86
D4:68:4D:3E:54:8C	-88
D4:68:4D:3E:54:8C	-88
D4:68:4D:3E:54:8C	-88
D4:68:4D:3E:54:8C	-88
D4:68:4D:3E:54:8C	-89
D4:68:4D:3E:54:8C	-110
D4:68:4D:3E:54:8C	-110
D4:68:4D:3E:54:98	-60
D4:68:4D:3E:54:98	-60
D4:68:4D:3E:54:98	-61
D4:68:4D:3E:54:98	-61
D4:68:4D:3E:54:98	-61
D4:68:4D:3E:54:98	-61
D4:68:4D:3E:54:98	-61
D4:68:4D:3E:54:98	-61
D4:68:4D:3E:54:98	-61
D4:68:4D:3E:54:98	-62
D4:68:4D:3E:54:9C	-77
D4:68:4D:3E:54:9C	-77
D4:68:4D:3E:54:9C	-77
D4:68:4D:3E:54:9C	-77
D4:68:4D:3E:54:9C	-77
D4:68:4D:3E:54:9C	-78
D4:68:4D:3E:54:9C	-78
D4:68:4D:3E:54:9C	-78
D4:68:4D:3E:54:9C	-78
D4:68:4D:3E:54:9C	-78
D4:68:4D:3E:54:D8	-82
D4:68:4D:3E:54:D8	-82
D4:68:4D:3E:54:D8	-83
D4:68:4D:3E:54:D8	-83
D4:68:4D:3E:54:D8	-83
D4:68:4D:3E:54:D8	-84
D4:68:4D:3E:54:D8	-84
D4:68:4D:3E:54:D8	-84
D4:68:4D:3E:54:D8	-84
D4:68:4D:3E:54:D8	-85
D4:68:4D:3E:54:DC	-110
D4:68:4D:3E:54:DC	-110
D4:68:4D:3E:54:DC	-110
D4:68:4D:3E:54:DC	-110
D4:68:4D:3E:54:DC	-110
D4:68:4D:3E:54:DC	-110
D4:68:4D:3E:54:DC	-110
D4:68:4D:3E:54:DC	-110
D4:68:4D:3E:54:DC	-110
D4:68:4D:3E:54:DC	-110
D4:68:4D:3E:57:78	-110
D4:68:4D:3E:57:78	-110
D4:68:4D:3E:57:78	-110
D4:68:4D:3E:57:78	-110
D4:68:4D:3E:57:78	-110
D4:68:4D:3E:57:78	-110
D4:68:4D:3E:57:78	-110
D4:68:4D:3E:57:78	-110
D4:68:4D:3E:57:78	-110
D4:68:4D:3E:57:78	-110
D4:68:4D:3E:58:E8	-73
D4:68:4D:3E:58:E8	-73
D4:68:4D:3E:58:E8	-74
D4:68:4D:3E:58:E8	-74
D4:68:4D:3E:58:E8	-74
D4:68:4D:3E:58:E8	-74
D4:68:4D:3E:58:E8	-74
D4:68:4D:3E:58:E8	-74
D4:68:4D:3E:58:E8	-74
D4:68:4D:3E:58:E8	-74
D4:68:4D:3E:58:EC	-85
D4:68:4D:3E:58:EC	-85
D4:68:4D:3E:58:EC	-85
D4:68:4D:3E:58:EC	-86
D4:68:4D:3E:58:EC	-86
D4:68:4D:3E:58:EC	-86
D4:68:4D:3E:58:EC	-86
D4:68:4D:3E:58:EC	-86
D4:68:4D:3E:58:EC	-86
D4:68:4D:3E:58:EC	-110
D4:68:4D:3E:59:38	-72
D4:68:4D:3E:59:38	-72
D4:68:4D:3E:59:38	-72
D4:68:4D:3E:59:38	-73
D4:68:4D:3E:59:38	-73
D4:68:4D:3E:59:38	-73
D4:68:4D:3E:59:38	-73
D4:68:4D:3E:59:38	-73
D4:68:4D:3E:59:38	-74
D4:68:4D:3E:59:38	-81
D4:68:4D:3E:59:3C	-82
D4:68:4D:3E:59:3C	-83
D4:68:4D:3E:59:3C	-83
D4:68:4D:3E:59:3C	-83
D4:68:4D:3E:59:3C	-83
D4:68:4D:3E:59:3C	-83
D4:68:4D:3E:59:3C	-84
D4:68:4D:3E:59:3C	-84
D4:68:4D:3E:59:3C	-84
D4:68:4D:3E:59:3C	-84
D4:68:4D:3E:77:38	-80
D4:68:4D:3E:77:38	-80
D4:68:4D:3E:77:38	-80
D4:68:4D:3E:77:38	-81
D4:68:4D:3E:77:38	-82
D4:68:4D:3E:77:38	-83
D4:68:4D:3E:77:38	-86
D4:68:4D:3E:77:38	-86
D4:68:4D:3E:77:38	-86
D4:68:4D:3E:77:38	-110
D4:68:4D:3E:77:3C	-110
D4:68:4D:3E:77:3C	-110
D4:68:4D:3E:77:3C	-110
D4:68:4D:3E:77:3C	-110
D4:68:4D:3E:77:3C	-110
D4:68:4D:3E:77:3C	-110
D4:68:4D:3E:77:3C	-110
D4:68:4D:3E:77:3C	-110
D4:68:4D:3E:77:3C	-110
D4:68:4D:3E:77:3C	-110
D4:68:4D:3E:78:A8	-110
D4:68:4D:3E:78:A8	-110
D4:68:4D:3E:78:A8	-110
D4:68:4D:3E:78:A8	-110
D4:68:4D:3E:78:A8	-110
D4:68:4D:3E:78:A8	-110
D4:68:4D:3E:78:A8	-110
D4:68:4D:3E:78:A8	-110
D4:68:4D:3E:78:A8	-110
D4:68:4D:3E:78:A8	-110
D4:68:4D:3E:81:88	-57
D4:68:4D:3E:81:88	-57
D4:68:4D:3E:81:88	-58
D4:68:4D:3E:81:88	-58
D4:68:4D:3E:81:88	-58
D4:68:4D:3E:81:88	-59
D4:68:4D:3E:81:88	-59
D4:68:4D:3E:81:88	-59
D4:68:4D:3E:81:88	-59
D4:68:4D:3E:81:88	-59
D4:68:4D:3E:81:8C	-72
D4:68:4D:3E:81:8C	-72
D4:68:4D:3E:81:8C	-72
D4:68:4D:3E:81:8C	-72
D4:68:4D:3E:81:8C	-72
D4:68:4D:3E:81:8C	-72
D4:68:4D:3E:81:8C	-72
D4:68:4D:3E:81:8C	-73
D4:68:4D:3E:81:8C	-73
D4:68:4D:3E:81:8C	-73
D4:68:4D:3E:81:98	-64
D4:68:4D:3E:81:98	-66
D4:68:4D:3E:81:98	-66
D4:68:4D:3E:81:98	-67
D4:68:4D:3E:81:98	-67
D4:68:4D:3E:81:98	-68
D4:68:4D:3E:81:98	-68
D4:68:4D:3E:81:98	-76
D4:68:4D:3E:81:98	-86
D4:68:4D:3E:81:98	-86
D4:68:4D:3E:81:9C	-72
D4:68:4D:3E:81:9C	-72
D4:68:4D:3E:81:9C	-72
D4:68:4D:3E:81:9C	-72
D4:68:4D:3E:81:9C	-72
D4:68:4D:3E:81:9C	-72
D4:68:4D:3E:81:9C	-72
D4:68:4D:3E:81:9C	-72
D4:68:4D:3E:81:9C	-72
D4:68:4D:3E:81:9C	-73
D4:68:4D:3E:81:A8	-63
D4:68:4D:3E:81:A8	-63
D4:68:4D:3E:81:A8	-64
D4:68:4D:3E:81:A8	-64
D4:68:4D:3E:81:A8	-64
D4:68:4D:3E:81:A8	-65
D4:68:4D:3E:81:A8	-65
D4:68:4D:3E:81:A8	-65
D4:68:4D:3E:81:A8	-65
D4:68:4D:3E:81:A8	-66
D4:68:4D:3E:81:AC	-85
D4:68:4D:3E:81:AC	-86
D4:68:4D:3E:81:AC	-86
D4:68:4D:3E:81:AC	-86
D4:68:4D:3E:81:AC	-86
D4:68:4D:3E:81:AC	-86
D4:68:4D:3E:81:AC	-86
D4:68:4D:3E:81:AC	-86
D4:68:4D:3E:81:AC	-86
D4:68:4D:3E:81:AC	-87
D4:68:4D:3E:81:C8	-110
D4:68:4D:3E:81:C8	-110
D4:68:4D:3E:81:C8	-110
D4:68:4D:3E:81:C8	-110
D4:68:4D:3E:81:C8	-110
D4:68:4D:3E:81:C8	-110
D4:68:4D:3E:81:C8	-110
D4:68:4D:3E:81:C8	-110
D4:68:4D:3E:81:C8	-110
D4:68:4D:3E:81:C8	-110
D4:68:4D:3E:82:98	-54
D4:68:4D:3E:82:98	-57
D4:68:4D:3E:82:98	-59
D4:68:4D:3E:82:98	-62
D4:68:4D:3E:82:98	-62
D4:68:4D:3E:82:98	-63
D4:68:4D:3E:82:98	-63
D4:68:4D:3E:82:98	-64
D4:68:4D:3E:82:98	-64
D4:68:4D:3E:82:98	-64
D4:68:4D:3E:82:9C	-54
D4:68:4D:3E:82:9C	-56
D4:68:4D:3E:82:9C	-56
D4:68:4D:3E:82:9C	-56
D4:68:4D:3E:82:9C	-56
D4:68:4D:3E:82:9C	-56
D4:68:4D:3E:82:9C	-56
D4:68:4D:3E:82:9C	-56
D4:68:4D:3E:82:9C	-57
D4:68:4D:3E:82:9C	-57
D4:68:4D:3E:86:58	-110
D4:68:4D:3E:86:58	-110
D4:68:4D:3E:86:58	-110
D4:68:4D:3E:86:58	-110
D4:68:4D:3E:86:58	-110
D4:68:4D:3E:86:58	-110
D4:68:4D:3E:86:58	-110
D4:68:4D:3E:86:58	-110
D4:68:4D:3E:86:58	-110
D4:68:4D:3E:86:58	-110
D4:68:4D:3E:86:68	-110
D4:68:4D:3E:86:68	-110
D4:68:4D:3E:86:68	-110
D4:68:4D:3E:86:68	-110
D4:68:4D:3E:86:68	-110
D4:68:4D:3E:86:68	-110
D4:68:4D:3E:86:68	-110
D4:68:4D:3E:86:68	-110
D4:68:4D:3E:86:68	-110
D4:68:4D:3E:86:68	-110
D4:68:4D:3E:87:28	-110
D4:68:4D:3E:87:28	-110
D4:68:4D:3E:87:28	-110
D4:68:4D:3E:87:28	-110
D4:68:4D:3E:87:28	-110
D4:68:4D:3E:87:28	-110
D4:68:4D:3E:87:28	-110
D4:68:4D:3E:87:28	-110
D4:68:4D:3E:87:28	-110
D4:68:4D:3E:87:28	-110
D4:68:4D:3E:87:F8	-56
D4:68:4D:3E:87:F8	-56
D4:68:4D:3E:87:F8	-57
D4:68:4D:3E:87:F8	-57
D4:68:4D:3E:87:F8	-57
D4:68:4D:3E:87:F8	-57
D4:68:4D:3E:87:F8	-57
D4:68:4D:3E:87:F8	-58
D4:68:4D:3E:87:F8	-58
D4:68:4D:3E:87:F8	-59
D4:68:4D:3E:87:FC	-60
D4:68:4D:3E:87:FC	-61
D4:68:4D:3E:87:FC	-62
D4:68:4D:3E:87:FC	-62
D4:68:4D:3E:87:FC	-62
D4:68:4D:3E:87:FC	-62
D4:68:4D:3E:87:FC	-62
D4:68:4D:3E:87:FC	-62
D4:68:4D:3E:87:FC	-62
D4:68:4D:3E:87:FC	-65
D4:68:4D:3E:89:58	-110
D4:68:4D:3E:89:58	-110
D4:68:4D:3E:89:58	-110
D4:68:4D:3E:89:58	-110
D4:68:4D:3E:89:58	-110
D4:68:4D:3E:89:58	-110
D4:68:4D:3E:89:58	-110
D4:68:4D:3E:89:58	-110
D4:68:4D:3E:89:58	-110
D4:68:4D:3E:89:58	-110
D4:68:4D:3E:89:5C	-110
D4:68:4D:3E:89:5C	-110
D4:68:4D:3E:89:5C	-110
D4:68:4D:3E:89:5C	-110
D4:68:4D:3E:89:5C	-110
D4:68:4D:3E:89:5C	-110
D4:68:4D:3E:89:5C	-110
D4:68:4D:3E:89:5C	-110
D4:68:4D:3E:89:5C	-110
D4:68:4D:3E:89:5C	-110
D4:68:4D:3E:8A:68	-62
D4:68:4D:3E:8A:68	-63
D4:68:4D:3E:8A:68	-64
D4:68:4D:3E:8A:68	-64
D4:68:4D:3E:8A:68	-64
D4:68:4D:3E:8A:68	-64
D4:68:4D:3E:8A:68	-64
D4:68:4D:3E:8A:68	-64
D4:68:4D:3E:8A:68	-64
D4:68:4D:3E:8A:68	-65
D4:68:4D:3E:8A:6C	-61
D4:68:4D:3E:8A:6C	-61
D4:68:4D:3E:8A:6C	-62
D4:68:4D:3E:8A:6C	-63
D4:68:4D:3E:8A:6C	-63
D4:68:4D:3E:8A:6C	-63
D4:68:4D:3E:8A:6C	-63
D4:68:4D:3E:8A:6C	-63
D4:68:4D:3E:8A:6C	-63
D4:68:4D:3E:8A:6C	-63
D4:68:4D:3E:8B:48	-110
D4:68:4D:3E:8B:48	-110
D4:68:4D:3E:8B:48	-110
D4:68:4D:3E:8B:48	-110
D4:68:4D:3E:8B:48	-110
D4:68:4D:3E:8B:48	-110
D4:68:4D:3E:8B:48	-110
D4:68:4D:3E:8B:48	-110
D4:68:4D:3E:8B:48	-110
D4:68:4D:3E:8B:48	-110
D4:68:4D:3E:8B:4C	-88
D4:68:4D:3E:8B:4C	-89
D4:68:4D:3E:8B:4C	-89
D4:68:4D:3E:8B:4C	-89
D4:68:4D:3E:8B:4C	-89
D4:68:4D:3E:8B:4C	-89
D4:68:4D:3E:8B:4C	-89
D4:68:4D:3E:8B:4C	-89
D4:68:4D:3E:8B:4C	-110
D4:68:4D:3E:8B:4C	-110
D4:68:4D:3E:8C:88	-58
D4:68:4D:3E:8C:88	-59
D4:68:4D:3E:8C:88	-59
D4:68:4D:3E:8C:88	-59
D4:68:4D:3E:8C:88	-59
D4:68:4D:3E:8C:88	-61
D4:68:4D:3E:8C:88	-61
D4:68:4D:3E:8C:88	-61
D4:68:4D:3E:8C:88	-62
D4:68:4D:3E:8C:88	-87
D4:68:4D:3E:8C:8C	-66
D4:68:4D:3E:8C:8C	-66
D4:68:4D:3E:8C:8C	-66
D4:68:4D:3E:8C:8C	-67
D4:68:4D:3E:8C:8C	-67
D4:68:4D:3E:8C:8C	-67
D4:68:4D:3E:8C:8C	-67
D4:68:4D:3E:8C:8C	-67
D4:68:4D:3E:8C:8C	-67
D4:68:4D:3E:8C:8C	-68
D4:68:4D:3E:8E:38	-110
D4:68:4D:3E:8E:38	-110
D4:68:4D:3E:8E:38	-110
D4:68:4D:3E:8E:38	-110
D4:68:4D:3E:8E:38	-110
D4:68:4D:3E:8E:38	-110
D4:68:4D:3E:8E:38	-110
D4:68:4D:3E:8E:38	-110
D4:68:4D:3E:8E:38	-110
D4:68:4D:3E:8E:38	-110
D4:68:4D:3E:8E:88	-76
D4:68:4D:3E:8E:88	-76
D4:68:4D:3E:8E:88	-81
D4:68:4D:3E:8E:88	-81
D4:68:4D:3E:8E:88	-81
D4:68:4D:3E:8E:88	-81
D4:68:4D:3E:8E:88	-81
D4:68:4D:3E:8E:88	-81
D4:68:4D:3E:8E:88	-83
D4:68:4D:3E:8E:88	-110
D4:68:4D:3E:8E:8C	-110
D4:68:4D:3E:8E:8C	-110
D4:68:4D:3E:8E:8C	-110
D4:68:4D:3E:8E:8C	-110
D4:68:4D:3E:8E:8C	-110
D4:68:4D:3E:8E:8C	-110
D4:68:4D:3E:8E:8C	-110
D4:68:4D:3E:8E:8C	-110
D4:68:4D:3E:8E:8C	-110
D4:68:4D:3E:8E:8C	-110
D4:68:4D:3E:91:D8	-51
D4:68:4D:3E:91:D8	-52
D4:68:4D:3E:91:D8	-52
D4:68:4D:3E:91:D8	-52
D4:68:4D:3E:91:D8	-52
D4:68:4D:3E:91:D8	-52
D4:68:4D:3E:91:D8	-53
D4:68:4D:3E:91:D8	-55
D4:68:4D:3E:91:D8	-55
D4:68:4D:3E:91:D8	-83
D4:68:4D:3E:91:DC	-56
D4:68:4D:3E:91:DC	-56
D4:68:4D:3E:91:DC	-56
D4:68:4D:3E:91:DC	-56
D4:68:4D:3E:91:DC	-56
D4:68:4D:3E:91:DC	-56
D4:68:4D:3E:91:DC	-56
D4:68:4D:3E:91:DC	-57
D4:68:4D:3E:91:DC	-57
D4:68:4D:3E:91:DC	-57
D4:68:4D:3E:A1:C8	-110
D4:68:4D:3E:A1:C8	-110
D4:68:4D:3E:A1:C8	-110
D4:68:4D:3E:A1:C8	-110
D4:68:4D:3E:A1:C8	-110
D4:68:4D:3E:A1:C8	-110
D4:68:4D:3E:A1:C8	-110
D4:68:4D:3E:A1:C8	-110
D4:68:4D:3E:A1:C8	-110
D4:68:4D:3E:A1:C8	-110
D4:68:4D:3E:A3:08	-63
D4:68:4D:3E:A3:08	-64
D4:68:4D:3E:A3:08	-64
D4:68:4D:3E:A3:08	-64
D4:68:4D:3E:A3:08	-64
D4:68:4D:3E:A3:08	-65
D4:68:4D:3E:A3:08	-66
D4:68:4D:3E:A3:08	-66
D4:68:4D:3E:A3:08	-66
D4:68:4D:3E:A3:08	-67
D4:68:4D:3E:A3:0C	-82
D4:68:4D:3E:A3:0C	-82
D4:68:4D:3E:A3:0C	-82
D4:68:4D:3E:A3:0C	-82
D4:68:4D:3E:A3:0C	-83
D4:68:4D:3E:A3:0C	-83
D4:68:4D:3E:A3:0C	-83
D4:68:4D:3E:A3:0C	-83
D4:68:4D:3E:A3:0C	-83
D4:68:4D:3E:A3:0C	-84
D4:68:4D:3E:A3:C8	-79
D4:68:4D:3E:A3:C8	-79
D4:68:4D:3E:A3:C8	-79
D4:68:4D:3E:A3:C8	-79
D4:68:4D:3E:A3:C8	-79
D4:68:4D:3E:A3:C8	-79
D4:68:4D:3E:A3:C8	-79
D4:68:4D:3E:A3:C8	-79
D4:68:4D:3E:A3:C8	-80
D4:68:4D:3E:A3:C8	-82
D4:68:4D:3E:A4:28	-56
D4:68:4D:3E:A4:28	-58
D4:68:4D:3E:A4:28	-58
D4:68:4D:3E:A4:28	-58
D4:68:4D:3E:A4:28	-58
D4:68:4D:3E:A4:28	-58
D4:68:4D:3E:A4:28	-58
D4:68:4D:3E:A4:28	-59
D4:68:4D:3E:A4:28	-59
D4:68:4D:3E:A4:28	-59
D4:68:4D:3E:A4:2C	-68
D4:68:4D:3E:A4:2C	-68
D4:68:4D:3E:A4:2C	-68
D4:68:4D:3E:A4:2C	-68
D4:68:4D:3E:A4:2C	-68
D4:68:4D:3E:A4:2C	-68
D4:68:4D:3E:A4:2C	-68
D4:68:4D:3E:A4:2C	-68
D4:68:4D:3E:A4:2C	-68
D4:68:4D:3E:A4:2C	-68
D4:68:4D:3E:A5:08	-110
D4:68:4D:3E:A5:08	-110
D4:68:4D:3E:A5:08	-110
D4:68:4D:3E:A5:08	-110
D4:68:4D:3E:A5:08	-110
D4:68:4D:3E:A5:08	-110
D4:68:4D:3E:A5:08	-110
D4:68:4D:3E:A5:08	-110
D4:68:4D:3E:A5:08	-110
D4:68:4D:3E:A5:08	-110
D4:68:4D:3E:A6:38	-110
D4:68:4D:3E:A6:38	-110
D4:68:4D:3E:A6:38	-110
D4:68:4D:3E:A6:38	-110
D4:68:4D:3E:A6:38	-110
D4:68:4D:3E:A6:38	-110
D4:68:4D:3E:A6:38	-110
D4:68:4D:3E:A6:38	-110
D4:68:4D:3E:A6:38	-110
D4:68:4D:3E:A6:38	-110
D4:68:4D:3E:A6:3C	-110
D4:68:4D:3E:A6:3C	-110
D4:68:4D:3E:A6:3C	-110
D4:68:4D:3E:A6:3C	-110
D4:68:4D:3E:A6:3C	-110
D4:68:4D:3E:A6:3C	-110
D4:68:4D:3E:A6:3C	-110
D4:68:4D:3E:A6:3C	-110
D4:68:4D:3E:A6:3C	-110
D4:68:4D:3E:A6:3C	-110
D4:68:4D:3E:A6:88	-71
D4:68:4D:3E:A6:88	-72
D4:68:4D:3E:A6:88	-73
D4:68:4D:3E:A6:88	-73
D4:68:4D:3E:A6:88	-73
D4:68:4D:3E:A6:88	-73
D4:68:4D:3E:A6:88	-73
D4:68:4D:3E:A6:88	-74
D4:68:4D:3E:A6:88	-74
D4:68:4D:3E:A6:88	-74
D4:68:4D:3E:A6:8C	-81
D4:68:4D:3E:A6:8C	-81
D4:68:4D:3E:A6:8C	-81
D4:68:4D:3E:A6:8C	-81
D4:68:4D:3E:A6:8C	-82
D4:68:4D:3E:A6:8C	-82
D4:68:4D:3E:A6:8C	-83
D4:68:4D:3E:A6:8C	-83
D4:68:4D:3E:A6:8C	-83
D4:68:4D:3E:A6:8C	-83
D4:68:4D:3E:A7:B8	-85
D4:68:4D:3E:A7:B8	-85
D4:68:4D:3E:A7:B8	-85
D4:68:4D:3E:A7:B8	-85
D4:68:4D:3E:A7:B8	-86
D4:68:4D:3E:A7:B8	-86
D4:68:4D:3E:A7:B8	-110
D4:68:4D:3E:A7:B8	-110
D4:68:4D:3E:A7:B8	-110
D4:68:4D:3E:A7:B8	-110
00:1E:4A:8F:F5:D0	-110
00:1E:4A:8F:F5:D0	-110
00:1E:4A:8F:F5:D0	-110
00:1E:4A:8F:F5:D0	-110
00:1E:4A:8F:F5:D0	-110
00:1E:4A:8F:F5:D0	-110
00:1E:4A:8F:F5:D0	-110
00:1E:4A:8F:F5:D0	-110
00:1E:4A:8F:F5:D0	-110
00:1E:4A:8F:F5:D0	-110
00:1E:4A:8F:F5:D0	-110
00:1E:4A:8F:FE:30	-86
00:1E:4A:8F:FE:30	-86
00:1E:4A:8F:FE:30	-87
00:1E:4A:8F:FE:30	-87
00:1E:4A:8F:FE:30	-87
00:1E:4A:8F:FE:30	-110
00:1E:4A:8F:FE:30	-110
00:1E:4A:8F:FE:30	-110
00:1E:4A:8F:FE:30	-110
00:1E:4A:8F:FE:30	-110
00:1E:4A:8F:FE:30	-110
00:1E:4A:90:00:20	-76
00:1E:4A:90:00:20	-76
00:1E:4A:90:00:20	-77
00:1E:4A:90:00:20	-77
00:1E:4A:90:00:20	-77
00:1E:4A:90:00:20	-77
00:1E:4A:90:00:20	-110
00:1E:4A:90:00:20	-110
00:1E:4A:90:00:20	-110
00:1E:4A:90:00:20	-110
00:1E:4A:90:00:20	-110
00:1E:4A:90:01:70	-87
00:1E:4A:90:01:70	-87
00:1E:4A:90:01:70	-87
00:1E:4A:90:01:70	-87
00:1E:4A:90:01:70	-110
00:1E:4A:90:01:70	-110
00:1E:4A:90:01:70	-110
00:1E:4A:90:01:70	-110
00:1E:4A:90:01:70	-110
00:1E:4A:90:01:70	-110
00:1E:4A:90:01:70	-110
00:1E:4A:90:04:30	-110
00:1E:4A:90:04:30	-110
00:1E:4A:90:04:30	-110
00:1E:4A:90:04:30	-110
00:1E:4A:90:04:30	-110
00:1E:4A:90:04:30	-110
00:1E:4A:90:04:30	-110
00:1E:4A:90:04:30	-110
00:1E:4A:90:04:30	-110
00:1E:4A:90:04:30	-110
00:1E:4A:90:04:30	-110
00:22:6B:47:B8:32	-85
00:22:6B:47:B8:32	-85
00:22:6B:47:B8:32	-86
00:22:6B:47:B8:32	-86
00:22:6B:47:B8:32	-86
00:22:6B:47:B8:32	-87
00:22:6B:47:B8:32	-88
00:22:6B:47:B8:32	-89
00:22:6B:47:B8:32	-89
00:22:6B:47:B8:32	-89
00:22:6B:47:B8:32	-89
2C:E6:CC:1A:CB:D8	-67
2C:E6:CC:1A:CB:D8	-67
2C:E6:CC:1A:CB:D8	-67
2C:E6:CC:1A:CB:D8	-67
2C:E6:CC:1A:CB:D8	-67
2C:E6:CC:1A:CB:D8	-67
2C:E6:CC:1A:CB:D8	-67
2C:E6:CC:1A:CB:D8	-67
2C:E6:CC:1A:CB:D8	-67
2C:E6:CC:1A:CB:D8	-110
2C:E6:CC:1A:CB:D8	-110
42:49:0F:9A:96:50	-82
42:49:0F:9A:96:50	-82
42:49:0F:9A:96:50	-83
42:49:0F:9A:96:50	-83
42:49:0F:9A:96:50	-83
42:49:0F:9A:96:50	-83
42:49:0F:9A:96:50	-83
42:49:0F:9A:96:50	-83
42:49:0F:9A:96:50	-83
42:49:0F:9A:96:50	-110
42:49:0F:9A:96:50	-110
44:1C:A8:0F:72:9E	-78
44:1C:A8:0F:72:9E	-78
44:1C:A8:0F:72:9E	-78
44:1C:A8:0F:72:9E	-79
44:1C:A8:0F:72:9E	-79
44:1C:A8:0F:72:9E	-80
44:1C:A8:0F:72:9E	-80
44:1C:A8:0F:72:9E	-80
44:1C:A8:0F:72:9E	-80
44:1C:A8:0F:72:9E	-110
44:1C:A8:0F:72:9E	-110
58:93:96:08:4A:18	-68
58:93:96:08:4A:18	-68
58:93:96:08:4A:18	-68
58:93:96:08:4A:18	-72
58:93:96:08:4A:18	-73
58:93:96:08:4A:18	-74
58:93:96:08:4A:18	-74
58:93:96:08:4A:18	-74
58:93:96:08:4A:18	-75
58:93:96:08:4A:18	-110
58:93:96:08:4A:18	-110
58:93:96:08:4A:1C	-110
58:93:96:08:4A:1C	-110
58:93:96:08:4A:1C	-110
58:93:96:08:4A:1C	-110
58:93:96:08:4A:1C	-110
58:93:96:08:4A:1C	-110
58:93:96:08:4A:1C	-110
58:93:96:08:4A:1C	-110
58:93:96:08:4A:1C	-110
58:93:96:08:4A:1C	-110
58:93:96:08:4A:1C	-110
6C:AA:B3:32:24:68	-110
6C:AA:B3:32:24:68	-110
6C:AA:B3:32:24:68	-110
6C:AA:B3:32:24:68	-110
6C:AA:B3:32:24:68	-110
6C:AA:B3:32:24:68	-110
6C:AA:B3:32:24:68	-110
6C:AA:B3:32:24:68	-110
6C:AA:B3:32:24:68	-110
6C:AA:B3:32:24:68	-110
6C:AA:B3:32:24:68	-110
6C:AA:B3:32:31:C8	-110
6C:AA:B3:32:31:C8	-110
6C:AA:B3:32:31:C8	-110
6C:AA:B3:32:31:C8	-110
6C:AA:B3:32:31:C8	-110
6C:AA:B3:32:31:C8	-110
6C:AA:B3:32:31:C8	-110
6C:AA:B3:32:31:C8	-110
6C:AA:B3:32:31:C8	-110
6C:AA:B3:32:31:C8	-110
6C:AA:B3:32:31:C8	-110
6C:AA:B3:72:31:C8	-110
6C:AA:B3:72:31:C8	-110
6C:AA:B3:72:31:C8	-110
6C:AA:B3:72:31:C8	-110
6C:AA:B3:72:31:C8	-110
6C:AA:B3:72:31:C8	-110
6C:AA:B3:72:31:C8	-110
6C:AA:B3:72:31:C8	-110
6C:AA:B3:72:31:C8	-110
6C:AA:B3:72:31:C8	-110
6C:AA:B3:72:31:C8	-110
94:65:2D:F0:6E:01	-110
94:65:2D:F0:6E:01	-110
94:65:2D:F0:6E:01	-110
94:65:2D:F0:6E:01	-110
94:65:2D:F0:6E:01	-110
94:65:2D:F0:6E:01	-110
94:65:2D:F0:6E:01	-110
94:65:2D:F0:6E:01	-110
94:65:2D:F0:6E:01	-110
94:65:2D:F0:6E:01	-110
94:65:2D:F0:6E:01	-110
94:F6:65:1D:EC:D8	-110
94:F6:65:1D:EC:D8	-110
94:F6:65:1D:EC:D8	-110
94:F6:65:1D:EC:D8	-110
94:F6:65:1D:EC:D8	-110
94:F6:65:1D:EC:D8	-110
94:F6:65:1D:EC:D8	-110
94:F6:65:1D:EC:D8	-110
94:F6:65:1D:EC:D8	-110
94:F6:65:1D:EC:D8	-110
94:F6:65:1D:EC:D8	-110
D4:68:4D:3E:19:78	-61
D4:68:4D:3E:19:78	-65
D4:68:4D:3E:19:78	-65
D4:68:4D:3E:19:78	-65
D4:68:4D:3E:19:78	-66
D4:68:4D:3E:19:78	-66
D4:68:4D:3E:19:78	-66
D4:68:4D:3E:19:78	-66
D4:68:4D:3E:19:78	-66
D4:68:4D:3E:19:78	-67
D4:68:4D:3E:19:78	-67
D4:68:4D:3E:19:7C	-78
D4:68:4D:3E:19:7C	-79
D4:68:4D:3E:19:7C	-79
D4:68:4D:3E:19:7C	-79
D4:68:4D:3E:19:7C	-79
D4:68:4D:3E:19:7C	-80
D4:68:4D:3E:19:7C	-80
D4:68:4D:3E:19:7C	-80
D4:68:4D:3E:19:7C	-80
D4:68:4D:3E:19:7C	-81
D4:68:4D:3E:19:7C	-81
D4:68:4D:3E:54:88	-110
D4:68:4D:3E:54:88	-110
D4:68:4D:3E:54:88	-110
D4:68:4D:3E:54:88	-110
D4:68:4D:3E:54:88	-110
D4:68:4D:3E:54:88	-110
D4:68:4D:3E:54:88	-110
D4:68:4D:3E:54:88	-110
D4:68:4D:3E:54:88	-110
D4:68:4D:3E:54:88	-110
D4:68:4D:3E:54:88	-110
D4:68:4D:3E:54:8C	-85
D4:68:4D:3E:54:8C	-85
D4:68:4D:3E:54:8C	-85
D4:68:4D:3E:54:8C	-86
D4:68:4D:3E:54:8C	-86
D4:68:4D:3E:54:8C	-86
D4:68:4D:3E:54:8C	-87
D4:68:4D:3E:54:8C	-87
D4:68:4D:3E:54:8C	-87
D4:68:4D:3E:54:8C	-87
D4:68:4D:3E:54:8C	-87
D4:68:4D:3E:54:98	-55
D4:68:4D:3E:54:98	-58
D4:68:4D:3E:54:98	-58
D4:68:4D:3E:54:98	-58
D4:68:4D:3E:54:98	-58
D4:68:4D:3E:54:98	-58
D4:68:4D:3E:54:98	-58
D4:68:4D:3E:54:98	-59
D4:68:4D:3E:54:98	-60
D4:68:4D:3E:54:98	-80
D4:68:4D:3E:54:98	-86
D4:68:4D:3E:54:9C	-75
D4:68:4D:3E:54:9C	-76
D4:68:4D:3E:54:9C	-76
D4:68:4D:3E:54:9C	-76
D4:68:4D:3E:54:9C	-76
D4:68:4D:3E:54:9C	-76
D4:68:4D:3E:54:9C	-76
D4:68:4D:3E:54:9C	-76
D4:68:4D:3E:54:9C	-76
D4:68:4D:3E:54:9C	-76
D4:68:4D:3E:54:9C	-76
D4:68:4D:3E:54:D8	-80
D4:68:4D:3E:54:D8	-80
D4:68:4D:3E:54:D8	-80
D4:68:4D:3E:54:D8	-80
D4:68:4D:3E:54:D8	-80
D4:68:4D:3E:54:D8	-81
D4:68:4D:3E:54:D8	-81
D4:68:4D:3E:54:D8	-82
D4:68:4D:3E:54:D8	-82
D4:68:4D:3E:54:D8	-83
D4:68:4D:3E:54:D8	-84
D4:68:4D:3E:54:DC	-87
D4:68:4D:3E:54:DC	-87
D4:68:4D:3E:54:DC	-87
D4:68:4D:3E:54:DC	-88
D4:68:4D:3E:54:DC	-88
D4:68:4D:3E:54:DC	-88
D4:68:4D:3E:54:DC	-88
D4:68:4D:3E:54:DC	-89
D4:68:4D:3E:54:DC	-89
D4:68:4D:3E:54:DC	-89
D4:68:4D:3E:54:DC	-89
D4:68:4D:3E:57:78	-110
D4:68:4D:3E:57:78	-110
D4:68:4D:3E:57:78	-110
D4:68:4D:3E:57:78	-110
D4:68:4D:3E:57:78	-110
D4:68:4D:3E:57:78	-110
D4:68:4D:3E:57:78	-110
D4:68:4D:3E:57:78	-110
D4:68:4D:3E:57:78	-110
D4:68:4D:3E:57:78	-110
D4:68:4D:3E:57:78	-110
D4:68:4D:3E:58:E8	-70
D4:68:4D:3E:58:E8	-70
D4:68:4D:3E:58:E8	-71
D4:68:4D:3E:58:E8	-72
D4:68:4D:3E:58:E8	-72
D4:68:4D:3E:58:E8	-72
D4:68:4D:3E:58:E8	-72
D4:68:4D:3E:58:E8	-73
D4:68:4D:3E:58:E8	-74
D4:68:4D:3E:58:E8	-74
D4:68:4D:3E:58:E8	-78
D4:68:4D:3E:58:EC	-84
D4:68:4D:3E:58:EC	-85
D4:68:4D:3E:58:EC	-85
D4:68:4D:3E:58:EC	-85
D4:68:4D:3E:58:EC	-85
D4:68:4D:3E:58:EC	-85
D4:68:4D:3E:58:EC	-85
D4:68:4D:3E:58:EC	-86
D4:68:4D:3E:58:EC	-86
D4:68:4D:3E:58:EC	-87
D4:68:4D:3E:58:EC	-110
D4:68:4D:3E:59:38	-71
D4:68:4D:3E:59:38	-71
D4:68:4D:3E:59:38	-71
D4:68:4D:3E:59:38	-71
D4:68:4D:3E:59:38	-71
D4:68:4D:3E:59:38	-72
D4:68:4D:3E:59:38	-72
D4:68:4D:3E:59:38	-72
D4:68:4D:3E:59:38	-72
D4:68:4D:3E:59:38	-73
D4:68:4D:3E:59:38	-73
D4:68:4D:3E:59:3C	-83
D4:68:4D:3E:59:3C	-83
D4:68:4D:3E:59:3C	-83
D4:68:4D:3E:59:3C	-83
D4:68:4D:3E:59:3C	-83
D4:68:4D:3E:59:3C	-83
D4:68:4D:3E:59:3C	-83
D4:68:4D:3E:59:3C	-84
D4:68:4D:3E:59:3C	-84
D4:68:4D:3E:59:3C	-84
D4:68:4D:3E:59:3C	-85
D4:68:4D:3E:77:38	-110
D4:68:4D:3E:77:38	-110
D4:68:4D:3E:77:38	-110
D4:68:4D:3E:77:38	-110
D4:68:4D:3E:77:38	-110
D4:68:4D:3E:77:38	-110
D4:68:4D:3E:77:38	-110
D4:68:4D:3E:77:38	-110
D4:68:4D:3E:77:38	-110
D4:68:4D:3E:77:38	-110
D4:68:4D:3E:77:38	-110
D4:68:4D:3E:77:3C	-110
D4:68:4D:3E:77:3C	-110
D4:68:4D:3E:77:3C	-110
D4:68:4D:3E:77:3C	-110
D4:68:4D:3E:77:3C	-110
D4:68:4D:3E:77:3C	-110
D4:68:4D:3E:77:3C	-110
D4:68:4D:3E:77:3C	-110
D4:68:4D:3E:77:3C	-110
D4:68:4D:3E:77:3C	-110
D4:68:4D:3E:77:3C	-110
D4:68:4D:3E:81:88	-67
D4:68:4D:3E:81:88	-67
D4:68:4D:3E:81:88	-67
D4:68:4D:3E:81:88	-67
D4:68:4D:3E:81:88	-67
D4:68:4D:3E:81:88	-68
D4:68:4D:3E:81:88	-68
D4:68:4D:3E:81:88	-70
D4:68:4D:3E:81:88	-85
D4:68:4D:3E:81:88	-88
D4:68:4D:3E:81:88	-88
D4:68:4D:3E:81:8C	-74
D4:68:4D:3E:81:8C	-74
D4:68:4D:3E:81:8C	-74
D4:68:4D:3E:81:8C	-74
D4:68:4D:3E:81:8C	-74
D4:68:4D:3E:81:8C	-74
D4:68:4D:3E:81:8C	-74
D4:68:4D:3E:81:8C	-74
D4:68:4D:3E:81:8C	-75
D4:68:4D:3E:81:8C	-75
D4:68:4D:3E:81:8C	-75
D4:68:4D:3E:81:98	-58
D4:68:4D:3E:81:98	-58
D4:68:4D:3E:81:98	-59
D4:68:4D:3E:81:98	-59
D4:68:4D:3E:81:98	-59
D4:68:4D:3E:81:98	-59
D4:68:4D:3E:81:98	-60
D4:68:4D:3E:81:98	-60
D4:68:4D:3E:81:98	-60
D4:68:4D:3E:81:98	-60
D4:68:4D:3E:81:98	-79
D4:68:4D:3E:81:9C	-73
D4:68:4D:3E:81:9C	-74
D4:68:4D:3E:81:9C	-74
D4:68:4D:3E:81:9C	-74
D4:68:4D:3E:81:9C	-74
D4:68:4D:3E:81:9C	-74
D4:68:4D:3E:81:9C	-75
D4:68:4D:3E:81:9C	-75
D4:68:4D:3E:81:9C	-75
D4:68:4D:3E:81:9C	-75
D4:68:4D:3E:81:9C	-75
D4:68:4D:3E:81:A8	-65
D4:68:4D:3E:81:A8	-65
D4:68:4D:3E:81:A8	-65
D4:68:4D:3E:81:A8	-66
D4:68:4D:3E:81:A8	-66
D4:68:4D:3E:81:A8	-66
D4:68:4D:3E:81:A8	-66
D4:68:4D:3E:81:A8	-66
D4:68:4D:3E:81:A8	-66
D4:68:4D:3E:81:A8	-67
D4:68:4D:3E:81:A8	-67
D4:68:4D:3E:81:AC	-110
D4:68:4D:3E:81:AC	-110
D4:68:4D:3E:81:AC	-110
D4:68:4D:3E:81:AC	-110
D4:68:4D:3E:81:AC	-110
D4:68:4D:3E:81:AC	-110
D4:68:4D:3E:81:AC	-110
D4:68:4D:3E:81:AC	-110
D4:68:4D:3E:81:AC	-110
D4:68:4D:3E:81:AC	-110
D4:68:4D:3E:81:AC	-110
D4:68:4D:3E:81:C8	-110
D4:68:4D:3E:81:C8	-110
D4:68:4D:3E:81:C8	-110
D4:68:4D:3E:81:C8	-110
D4:68:4D:3E:81:C8	-110
D4:68:4D:3E:81:C8	-110
D4:68:4D:3E:81:C8	-110
D4:68:4D:3E:81:C8	-110
D4:68:4D:3E:81:C8	-110
D4:68:4D:3E:81:C8	-110
D4:68:4D:3E:81:C8	-110
D4:68:4D:3E:82:98	-44
D4:68:4D:3E:82:98	-44
D4:68:4D:3E:82:98	-44
D4:68:4D:3E:82:98	-45
D4:68:4D:3E:82:98	-45
D4:68:4D:3E:82:98	-45
D4:68:4D:3E:82:98	-45
D4:68:4D:3E:82:98	-45
D4:68:4D:3E:82:98	-45
D4:68:4D:3E:82:98	-46
D4:68:4D:3E:82:98	-46
D4:68:4D:3E:82:9C	-48
D4:68:4D:3E:82:9C	-50
D4:68:4D:3E:82:9C	-50
D4:68:4D:3E:82:9C	-50
D4:68:4D:3E:82:9C	-50
D4:68:4D:3E:82:9C	-50
D4:68:4D:3E:82:9C	-50
D4:68:4D:3E:82:9C	-50
D4:68:4D:3E:82:9C	-50
D4:68:4D:3E:82:9C	-50
D4:68:4D:3E:82:9C	-50
D4:68:4D:3E:86:68	-110
D4:68:4D:3E:86:68	-110
D4:68:4D:3E:86:68	-110
D4:68:4D:3E:86:68	-110
D4:68:4D:3E:86:68	-110
D4:68:4D:3E:86:68	-110
D4:68:4D:3E:86:68	-110
D4:68:4D:3E:86:68	-110
D4:68:4D:3E:86:68	-110
D4:68:4D:3E:86:68	-110
D4:68:4D:3E:86:68	-110
D4:68:4D:3E:86:6C	-89
D4:68:4D:3E:86:6C	-89
D4:68:4D:3E:86:6C	-89
D4:68:4D:3E:86:6C	-89
D4:68:4D:3E:86:6C	-110
D4:68:4D:3E:86:6C	-110
D4:68:4D:3E:87:28	-110
D4:68:4D:3E:87:28	-110
D4:68:4D:3E:87:28	-110
D4:68:4D:3E:87:28	-110
D4:68:4D:3E:87:28	-110
D4:68:4D:3E:87:28	-110
D4:68:4D:3E:87:28	-110
D4:68:4D:3E:87:28	-110
D4:68:4D:3E:87:28	-110
D4:68:4D:3E:87:28	-110
D4:68:4D:3E:87:28	-110
D4:68:4D:3E:87:F8	-52
D4:68:4D:3E:87:F8	-52
D4:68:4D:3E:87:F8	-53
D4:68:4D:3E:87:F8	-53
D4:68:4D:3E:87:F8	-53
D4:68:4D:3E:87:F8	-53
D4:68:4D:3E:87:F8	-53
D4:68:4D:3E:87:F8	-53
D4:68:4D:3E:87:F8	-54
D4:68:4D:3E:87:F8	-55
D4:68:4D:3E:87:F8	-56
D4:68:4D:3E:87:FC	-63
D4:68:4D:3E:87:FC	-64
D4:68:4D:3E:87:FC	-65
D4:68:4D:3E:87:FC	-65
D4:68:4D:3E:87:FC	-65
D4:68:4D:3E:87:FC	-65
D4:68:4D:3E:87:FC	-65
D4:68:4D:3E:87:FC	-65
D4:68:4D:3E:87:FC	-65
D4:68:4D:3E:87:FC	-65
D4:68:4D:3E:87:FC	-66
D4:68:4D:3E:89:58	-85
D4:68:4D:3E:89:58	-85
D4:68:4D:3E:89:58	-86
D4:68:4D:3E:89:58	-86
D4:68:4D:3E:89:58	-87
D4:68:4D:3E:89:58	-87
D4:68:4D:3E:89:58	-87
D4:68:4D:3E:89:58	-87
D4:68:4D:3E:89:58	-87
D4:68:4D:3E:89:58	-87
D4:68:4D:3E:89:58	-88
D4:68:4D:3E:8A:68	-60
D4:68:4D:3E:8A:68	-60
D4:68:4D:3E:8A:68	-62
D4:68:4D:3E:8A:68	-63
D4:68:4D:3E:8A:68	-63
D4:68:4D:3E:8A:68	-63
D4:68:4D:3E:8A:68	-63
D4:68:4D:3E:8A:68	-64
D4:68:4D:3E:8A:68	-65
D4:68:4D:3E:8A:68	-65
D4:68:4D:3E:8A:68	-71
D4:68:4D:3E:8A:6C	-69
D4:68:4D:3E:8A:6C	-69
D4:68:4D:3E:8A:6C	-69
D4:68:4D:3E:8A:6C	-69
D4:68:4D:3E:8A:6C	-69
D4:68:4D:3E:8A:6C	-69
D4:68:4D:3E:8A:6C	-69
D4:68:4D:3E:8A:6C	-70
D4:68:4D:3E:8A:6C	-70
D4:68:4D:3E:8A:6C	-70
D4:68:4D:3E:8A:6C	-70
D4:68:4D:3E:8B:48	-110
D4:68:4D:3E:8B:48	-110
D4:68:4D:3E:8B:48	-110
D4:68:4D:3E:8B:48	-110
D4:68:4D:3E:8B:48	-110
D4:68:4D:3E:8B:48	-110
D4:68:4D:3E:8B:48	-110
D4:68:4D:3E:8B:48	-110
D4:68:4D:3E:8B:48	-110
D4:68:4D:3E:8B:48	-110
D4:68:4D:3E:8B:48	-110
D4:68:4D:3E:8B:4C	-110
D4:68:4D:3E:8B:4C	-110
D4:68:4D:3E:8B:4C	-110
D4:68:4D:3E:8B:4C	-110
D4:68:4D:3E:8B:4C	-110
D4:68:4D:3E:8B:4C	-110
D4:68:4D:3E:8B:4C	-110
D4:68:4D:3E:8B:4C	-110
D4:68:4D:3E:8B:4C	-110
D4:68:4D:3E:8B:4C	-110
D4:68:4D:3E:8B:4C	-110
D4:68:4D:3E:8C:88	-59
D4:68:4D:3E:8C:88	-59
D4:68:4D:3E:8C:88	-59
D4:68:4D:3E:8C:88	-59
D4:68:4D:3E:8C:88	-59
D4:68:4D:3E:8C:88	-59
D4:68:4D:3E:8C:88	-59
D4:68:4D:3E:8C:88	-60
D4:68:4D:3E:8C:88	-60
D4:68:4D:3E:8C:88	-60
D4:68:4D:3E:8C:88	-60
D4:68:4D:3E:8C:8C	-64
D4:68:4D:3E:8C:8C	-65
D4:68:4D:3E:8C:8C	-65
D4:68:4D:3E:8C:8C	-65
D4:68:4D:3E:8C:8C	-65
D4:68:4D:3E:8C:8C	-66
D4:68:4D:3E:8C:8C	-66
D4:68:4D:3E:8C:8C	-66
D4:68:4D:3E:8C:8C	-66
D4:68:4D:3E:8C:8C	-66
D4:68:4D:3E:8C:8C	-66
D4:68:4D:3E:8E:38	-87
D4:68:4D:3E:8E:38	-87
D4:68:4D:3E:8E:38	-88
D4:68:4D:3E:8E:38	-88
D4:68:4D:3E:8E:38	-88
D4:68:4D:3E:8E:38	-88
D4:68:4D:3E:8E:38	-88
D4:68:4D:3E:8E:38	-88
D4:68:4D:3E:8E:38	-110
D4:68:4D:3E:8E:38	-110
D4:68:4D:3E:8E:38	-110
D4:68:4D:3E:8E:88	-79
D4:68:4D:3E:8E:88	-79
D4:68:4D:3E:8E:88	-79
D4:68:4D:3E:8E:88	-79
D4:68:4D:3E:8E:88	-80
D4:68:4D:3E:8E:88	-80
D4:68:4D:3E:8E:88	-80
D4:68:4D:3E:8E:88	-80
D4:68:4D:3E:8E:88	-80
D4:68:4D:3E:8E:88	-81
D4:68:4D:3E:8E:88	-81
D4:68:4D:3E:8E:8C	-110
D4:68:4D:3E:8E:8C	-110
D4:68:4D:3E:8E:8C	-110
D4:68:4D:3E:8E:8C	-110
D4:68:4D:3E:8E:8C	-110
D4:68:4D:3E:8E:8C	-110
D4:68:4D:3E:8E:8C	-110
D4:68:4D:3E:8E:8C	-110
D4:68:4D:3E:8E:8C	-110
D4:68:4D:3E:8E:8C	-110
D4:68:4D:3E:8E:8C	-110
D4:68:4D:3E:91:D8	-53
D4:68:4D:3E:91:D8	-53
D4:68:4D:3E:91:D8	-53
D4:68:4D:3E:91:D8	-53
D4:68:4D:3E:91:D8	-53
D4:68:4D:3E:91:D8	-54
D4:68:4D:3E:91:D8	-55
D4:68:4D:3E:91:D8	-56
D4:68:4D:3E:91:D8	-56
D4:68:4D:3E:91:D8	-65
D4:68:4D:3E:91:D8	-72
D4:68:4D:3E:91:DC	-59
D4:68:4D:3E:91:DC	-60
D4:68:4D:3E:91:DC	-60
D4:68:4D:3E:91:DC	-60
D4:68:4D:3E:91:DC	-60
D4:68:4D:3E:91:DC	-61
D4:68:4D:3E:91:DC	-61
D4:68:4D:3E:91:DC	-61
D4:68:4D:3E:91:DC	-61
D4:68:4D:3E:91:DC	-61
D4:68:4D:3E:91:DC	-62
D4:68:4D:3E:A3:08	-59
D4:68:4D:3E:A3:08	-60
D4:68:4D:3E:A3:08	-61
D4:68:4D:3E:A3:08	-61
D4:68:4D:3E:A3:08	-61
D4:68:4D:3E:A3:08	-61
D4:68:4D:3E:A3:08	-61
D4:68:4D:3E:A3:08	-61
D4:68:4D:3E:A3:08	-61
D4:68:4D:3E:A3:08	-62
D4:68:4D:3E:A3:08	-78
D4:68:4D:3E:A3:0C	-82
D4:68:4D:3E:A3:0C	-82
D4:68:4D:3E:A3:0C	-82
D4:68:4D:3E:A3:0C	-82
D4:68:4D:3E:A3:0C	-82
D4:68:4D:3E:A3:0C	-82
D4:68:4D:3E:A3:0C	-82
D4:68:4D:3E:A3:0C	-82
D4:68:4D:3E:A3:0C	-82
D4:68:4D:3E:A3:0C	-83
D4:68:4D:3E:A3:0C	-83
D4:68:4D:3E:A3:C8	-76
D4:68:4D:3E:A3:C8	-77
D4:68:4D:3E:A3:C8	-77
D4:68:4D:3E:A3:C8	-77
D4:68:4D:3E:A3:C8	-77
D4:68:4D:3E:A3:C8	-77
D4:68:4D:3E:A3:C8	-77
D4:68:4D:3E:A3:C8	-77
D4:68:4D:3E:A3:C8	-77
D4:68:4D:3E:A3:C8	-79
D4:68:4D:3E:A3:C8	-81
D4:68:4D:3E:A4:28	-59
D4:68:4D:3E:A4:28	-60
D4:68:4D:3E:A4:28	-60
D4:68:4D:3E:A4:28	-60
D4:68:4D:3E:A4:28	-61
D4:68:4D:3E:A4:28	-61
D4:68:4D:3E:A4:28	-61
D4:68:4D:3E:A4:28	-61
D4:68:4D:3E:A4:28	-61
D4:68:4D:3E:A4:28	-61
D4:68:4D:3E:A4:28	-62
D4:68:4D:3E:A4:2C	-65
D4:68:4D:3E:A4:2C	-66
D4:68:4D:3E:A4:2C	-66
D4:68:4D:3E:A4:2C	-66
D4:68:4D:3E:A4:2C	-66
D4:68:4D:3E:A4:2C	-66
D4:68:4D:3E:A4:2C	-66
D4:68:4D:3E:A4:2C	-66
D4:68:4D:3E:A4:2C	-66
D4:68:4D:3E:A4:2C	-67
D4:68:4D:3E:A4:2C	-67
D4:68:4D:3E:A5:08	-110
D4:68:4D:3E:A5:08	-110
D4:68:4D:3E:A5:08	-110
D4:68:4D:3E:A5:08	-110
D4:68:4D:3E:A5:08	-110
D4:68:4D:3E:A5:08	-110
D4:68:4D:3E:A5:08	-110
D4:68:4D:3E:A5:08	-110
D4:68:4D:3E:A5:08	-110
D4:68:4D:3E:A5:08	-110
D4:68:4D:3E:A5:08	-110
D4:68:4D:3E:A6:38	-85
D4:68:4D:3E:A6:38	-86
D4:68:4D:3E:A6:38	-86
D4:68:4D:3E:A6:38	-86
D4:68:4D:3E:A6:38	-86
D4:68:4D:3E:A6:38	-86
D4:68:4D:3E:A6:38	-86
D4:68:4D:3E:A6:38	-86
D4:68:4D:3E:A6:38	-86
D4:68:4D:3E:A6:38	-86
D4:68:4D:3E:A6:38	-87
D4:68:4D:3E:A6:3C	-110
D4:68:4D:3E:A6:3C	-110
D4:68:4D:3E:A6:3C	-110
D4:68:4D:3E:A6:3C	-110
D4:68:4D:3E:A6:3C	-110
D4:68:4D:3E:A6:3C	-110
D4:68:4D:3E:A6:3C	-110
D4:68:4D:3E:A6:3C	-110
D4:68:4D:3E:A6:3C	-110
D4:68:4D:3E:A6:3C	-110
D4:68:4D:3E:A6:3C	-110
D4:68:4D:3E:A6:88	-69
D4:68:4D:3E:A6:88	-70
D4:68:4D:3E:A6:88	-71
D4:68:4D:3E:A6:88	-71
D4:68:4D:3E:A6:88	-71
D4:68:4D:3E:A6:88	-71
D4:68:4D:3E:A6:88	-74
D4:68:4D:3E:A6:88	-74
D4:68:4D:3E:A6:88	-75
D4:68:4D:3E:A6:88	-75
D4:68:4D:3E:A6:88	-75
D4:68:4D:3E:A6:8C	-80
D4:68:4D:3E:A6:8C	-81
D4:68:4D:3E:A6:8C	-82
D4:68:4D:3E:A6:8C	-82
D4:68:4D:3E:A6:8C	-82
D4:68:4D:3E:A6:8C	-82
D4:68:4D:3E:A6:8C	-82
D4:68:4D:3E:A6:8C	-82
D4:68:4D:3E:A6:8C	-82
D4:68:4D:3E:A6:8C	-84
D4:68:4D:3E:A6:8C	-84
D4:68:4D:3E:A7:B8	-81
D4:68:4D:3E:A7:B8	-81
D4:68:4D:3E:A7:B8	-81
D4:68:4D:3E:A7:B8	-81
D4:68:4D:3E:A7:B8	-81
D4:68:4D:3E:A7:B8	-82
D4:68:4D:3E:A7:B8	-82
D4:68:4D:3E:A7:B8	-82
D4:68:4D:3E:A7:B8	-83
D4:68:4D:3E:A7:B8	-83
D4:68:4D:3E:A7:B8	-91
DA:32:E3:A7:A9:26	-110
DA:32:E3:A7:A9:26	-110
DA:32:E3:A7:A9:26	-110
DA:32:E3:A7:A9:26	-110
DA:32:E3:A7:A9:26	-110
DA:32:E3:A7:A9:26	-110
DA:32:E3:A7:A9:26	-110
DA:32:E3:A7:A9:26	-110
DA:32:E3:A7:A9:26	-110
DA:32:E3:A7:A9:26	-110
DA:32:E3:A7:A9:26	-110
00:1E:4A:8F:F5:D0	-88
00:1E:4A:8F:F5:D0	-88
00:1E:4A:8F:F5:D0	-88
00:1E:4A:8F:F5:D0	-88
00:1E:4A:8F:F5:D0	-110
00:1E:4A:8F:F5:D0	-110
00:1E:4A:8F:F5:D0	-110
00:1E:4A:8F:F5:D0	-110
00:1E:4A:8F:F5:D0	-110
00:1E:4A:8F:F5:D0	-110
00:1E:4A:8F:F5:D0	-110
00:1E:4A:8F:FE:30	-110
00:1E:4A:8F:FE:30	-110
00:1E:4A:8F:FE:30	-110
00:1E:4A:8F:FE:30	-110
00:1E:4A:8F:FE:30	-110
00:1E:4A:8F:FE:30	-110
00:1E:4A:8F:FE:30	-110
00:1E:4A:8F:FE:30	-110
00:1E:4A:8F:FE:30	-110
00:1E:4A:8F:FE:30	-110
00:1E:4A:8F:FE:30	-110
00:1E:4A:90:00:20	-68
00:1E:4A:90:00:20	-68
00:1E:4A:90:00:20	-68
00:1E:4A:90:00:20	-68
00:1E:4A:90:00:20	-68
00:1E:4A:90:00:20	-68
00:1E:4A:90:00:20	-69
00:1E:4A:90:00:20	-69
00:1E:4A:90:00:20	-71
00:1E:4A:90:00:20	-71
00:1E:4A:90:00:20	-79
00:1E:4A:90:00:60	-110
00:1E:4A:90:00:60	-110
00:1E:4A:90:00:60	-110
00:1E:4A:90:00:60	-110
00:1E:4A:90:00:60	-110
00:1E:4A:90:00:60	-110
00:1E:4A:90:00:60	-110
00:1E:4A:90:00:60	-110
00:1E:4A:90:00:60	-110
00:1E:4A:90:00:60	-110
00:1E:4A:90:00:60	-110
00:1E:4A:90:01:70	-110
00:1E:4A:90:01:70	-110
00:1E:4A:90:01:70	-110
00:1E:4A:90:01:70	-110
00:1E:4A:90:01:70	-110
00:1E:4A:90:01:70	-110
00:1E:4A:90:01:70	-110
00:1E:4A:90:01:70	-110
00:1E:4A:90:01:70	-110
00:1E:4A:90:01:70	-110
00:1E:4A:90:01:70	-110
00:1E:4A:90:04:30	-110
00:1E:4A:90:04:30	-110
00:1E:4A:90:04:30	-110
00:1E:4A:90:04:30	-110
00:1E:4A:90:04:30	-110
00:1E:4A:90:04:30	-110
00:1E:4A:90:04:30	-110
00:1E:4A:90:04:30	-110
00:1E:4A:90:04:30	-110
00:1E:4A:90:04:30	-110
00:1E:4A:90:04:30	-110
00:22:6B:47:B8:32	-86
00:22:6B:47:B8:32	-86
00:22:6B:47:B8:32	-86
00:22:6B:47:B8:32	-86
00:22:6B:47:B8:32	-86
00:22:6B:47:B8:32	-86
00:22:6B:47:B8:32	-87
00:22:6B:47:B8:32	-87
00:22:6B:47:B8:32	-87
00:22:6B:47:B8:32	-87
00:22:6B:47:B8:32	-87
00:EC:0A:39:AC:6F	-110
00:EC:0A:39:AC:6F	-110
00:EC:0A:39:AC:6F	-110
00:EC:0A:39:AC:6F	-110
00:EC:0A:39:AC:6F	-110
00:EC:0A:39:AC:6F	-110
00:EC:0A:39:AC:6F	-110
00:EC:0A:39:AC:6F	-110
00:EC:0A:39:AC:6F	-110
00:EC:0A:39:AC:6F	-110
00:EC:0A:39:AC:6F	-110
10:07:B6:CD:D5:A7	-110
10:07:B6:CD:D5:A7	-110
10:07:B6:CD:D5:A7	-110
10:07:B6:CD:D5:A7	-110
10:07:B6:CD:D5:A7	-110
10:07:B6:CD:D5:A7	-110
10:07:B6:CD:D5:A7	-110
10:07:B6:CD:D5:A7	-110
10:07:B6:CD:D5:A7	-110
10:07:B6:CD:D5:A7	-110
10:07:B6:CD:D5:A7	-110
2C:E6:CC:1A:CB:D8	-110
2C:E6:CC:1A:CB:D8	-110
2C:E6:CC:1A:CB:D8	-110
2C:E6:CC:1A:CB:D8	-110
2C:E6:CC:1A:CB:D8	-110
2C:E6:CC:1A:CB:D8	-110
2C:E6:CC:1A:CB:D8	-110
2C:E6:CC:1A:CB:D8	-110
2C:E6:CC:1A:CB:D8	-110
2C:E6:CC:1A:CB:D8	-110
2C:E6:CC:1A:CB:D8	-110
42:49:0F:9A:96:50	-85
42:49:0F:9A:96:50	-85
42:49:0F:9A:96:50	-85
42:49:0F:9A:96:50	-86
42:49:0F:9A:96:50	-86
42:49:0F:9A:96:50	-86
42:49:0F:9A:96:50	-86
42:49:0F:9A:96:50	-88
42:49:0F:9A:96:50	-110
42:49:0F:9A:96:50	-110
42:49:0F:9A:96:50	-110
44:1C:A8:0F:72:9E	-76
44:1C:A8:0F:72:9E	-76
44:1C:A8:0F:72:9E	-76
44:1C:A8:0F:72:9E	-77
44:1C:A8:0F:72:9E	-77
44:1C:A8:0F:72:9E	-77
44:1C:A8:0F:72:9E	-77
44:1C:A8:0F:72:9E	-77
44:1C:A8:0F:72:9E	-77
44:1C:A8:0F:72:9E	-78
44:1C:A8:0F:72:9E	-79
58:93:96:08:4A:18	-69
58:93:96:08:4A:18	-74
58:93:96:08:4A:18	-74
58:93:96:08:4A:18	-74
58:93:96:08:4A:18	-74
58:93:96:08:4A:18	-74
58:93:96:08:4A:18	-75
58:93:96:08:4A:18	-75
58:93:96:08:4A:18	-76
58:93:96:08:4A:18	-76
58:93:96:08:4A:18	-76
58:93:96:08:4A:1C	-110
58:93:96:08:4A:1C	-110
58:93:96:08:4A:1C	-110
58:93:96:08:4A:1C	-110
58:93:96:08:4A:1C	-110
58:93:96:08:4A:1C	-110
58:93:96:08:4A:1C	-110
58:93:96:08:4A:1C	-110
58:93:96:08:4A:1C	-110
58:93:96:08:4A:1C	-110
58:93:96:08:4A:1C	-110
6C:AA:B3:32:24:68	-110
6C:AA:B3:32:24:68	-110
6C:AA:B3:32:24:68	-110
6C:AA:B3:32:24:68	-110
6C:AA:B3:32:24:68	-110
6C:AA:B3:32:24:68	-110
6C:AA:B3:32:24:68	-110
6C:AA:B3:32:24:68	-110
6C:AA:B3:32:24:68	-110
6C:AA:B3:32:24:68	-110
6C:AA:B3:32:24:68	-110
6C:AA:B3:32:31:C8	-110
6C:AA:B3:32:31:C8	-110
6C:AA:B3:32:31:C8	-110
6C:AA:B3:32:31:C8	-110
6C:AA:B3:32:31:C8	-110
6C:AA:B3:32:31:C8	-110
6C:AA:B3:32:31:C8	-110
6C:AA:B3:32:31:C8	-110
6C:AA:B3:32:31:C8	-110
6C:AA:B3:32:31:C8	-110
6C:AA:B3:32:31:C8	-110
6C:AA:B3:72:24:68	-110
6C:AA:B3:72:24:68	-110
6C:AA:B3:72:24:68	-110
6C:AA:B3:72:24:68	-110
6C:AA:B3:72:24:68	-110
6C:AA:B3:72:24:68	-110
6C:AA:B3:72:24:68	-110
6C:AA:B3:72:24:68	-110
6C:AA:B3:72:24:68	-110
6C:AA:B3:72:24:68	-110
6C:AA:B3:72:24:68	-110
6C:AA:B3:72:31:C8	-110
6C:AA:B3:72:31:C8	-110
6C:AA:B3:72:31:C8	-110
6C:AA:B3:72:31:C8	-110
6C:AA:B3:72:31:C8	-110
6C:AA:B3:72:31:C8	-110
6C:AA:B3:72:31:C8	-110
6C:AA:B3:72:31:C8	-110
6C:AA:B3:72:31:C8	-110
6C:AA:B3:72:31:C8	-110
6C:AA:B3:72:31:C8	-110
94:F6:65:1D:EC:D8	-110
94:F6:65:1D:EC:D8	-110
94:F6:65:1D:EC:D8	-110
94:F6:65:1D:EC:D8	-110
94:F6:65:1D:EC:D8	-110
94:F6:65:1D:EC:D8	-110
94:F6:65:1D:EC:D8	-110
94:F6:65:1D:EC:D8	-110
94:F6:65:1D:EC:D8	-110
94:F6:65:1D:EC:D8	-110
94:F6:65:1D:EC:D8	-110
D4:68:4D:3E:19:78	-70
D4:68:4D:3E:19:78	-70
D4:68:4D:3E:19:78	-70
D4:68:4D:3E:19:78	-71
D4:68:4D:3E:19:78	-71
D4:68:4D:3E:19:78	-72
D4:68:4D:3E:19:78	-72
D4:68:4D:3E:19:78	-72
D4:68:4D:3E:19:78	-73
D4:68:4D:3E:19:78	-73
D4:68:4D:3E:19:78	-74
D4:68:4D:3E:19:7C	-78
D4:68:4D:3E:19:7C	-78
D4:68:4D:3E:19:7C	-79
D4:68:4D:3E:19:7C	-79
D4:68:4D:3E:19:7C	-79
D4:68:4D:3E:19:7C	-80
D4:68:4D:3E:19:7C	-80
D4:68:4D:3E:19:7C	-80
D4:68:4D:3E:19:7C	-80
D4:68:4D:3E:19:7C	-80
D4:68:4D:3E:19:7C	-82
D4:68:4D:3E:54:88	-110
D4:68:4D:3E:54:88	-110
D4:68:4D:3E:54:88	-110
D4:68:4D:3E:54:88	-110
D4:68:4D:3E:54:88	-110
D4:68:4D:3E:54:88	-110
D4:68:4D:3E:54:88	-110
D4:68:4D:3E:54:88	-110
D4:68:4D:3E:54:88	-110
D4:68:4D:3E:54:88	-110
D4:68:4D:3E:54:88	-110
D4:68:4D:3E:54:98	-61
D4:68:4D:3E:54:98	-61
D4:68:4D:3E:54:98	-61
D4:68:4D:3E:54:98	-62
D4:68:4D:3E:54:98	-62
D4:68:4D:3E:54:98	-62
D4:68:4D:3E:54:98	-62
D4:68:4D:3E:54:98	-63
D4:68:4D:3E:54:98	-63
D4:68:4D:3E:54:98	-64
D4:68:4D:3E:54:98	-64
D4:68:4D:3E:54:9C	-79
D4:68:4D:3E:54:9C	-79
D4:68:4D:3E:54:9C	-80
D4:68:4D:3E:54:9C	-80
D4:68:4D:3E:54:9C	-80
D4:68:4D:3E:54:9C	-80
D4:68:4D:3E:54:9C	-80
D4:68:4D:3E:54:9C	-80
D4:68:4D:3E:54:9C	-80
D4:68:4D:3E:54:9C	-80
D4:68:4D:3E:54:9C	-80
D4:68:4D:3E:54:D8	-81
D4:68:4D:3E:54:D8	-81
D4:68:4D:3E:54:D8	-81
D4:68:4D:3E:54:D8	-81
D4:68:4D:3E:54:D8	-83
D4:68:4D:3E:54:D8	-83
D4:68:4D:3E:54:D8	-110
D4:68:4D:3E:54:D8	-110
D4:68:4D:3E:54:D8	-110
D4:68:4D:3E:54:D8	-110
D4:68:4D:3E:54:D8	-110
D4:68:4D:3E:54:DC	-110
D4:68:4D:3E:54:DC	-110
D4:68:4D:3E:54:DC	-110
D4:68:4D:3E:54:DC	-110
D4:68:4D:3E:54:DC	-110
D4:68:4D:3E:54:DC	-110
D4:68:4D:3E:54:DC	-110
D4:68:4D:3E:54:DC	-110
D4:68:4D:3E:54:DC	-110
D4:68:4D:3E:54:DC	-110
D4:68:4D:3E:54:DC	-110
D4:68:4D:3E:58:E8	-71
D4:68:4D:3E:58:E8	-71
D4:68:4D:3E:58:E8	-71
D4:68:4D:3E:58:E8	-73
D4:68:4D:3E:58:E8	-73
D4:68:4D:3E:58:E8	-73
D4:68:4D:3E:58:E8	-73
D4:68:4D:3E:58:E8	-74
D4:68:4D:3E:58:E8	-74
D4:68:4D:3E:58:E8	-75
D4:68:4D:3E:58:E8	-88
D4:68:4D:3E:58:EC	-84
D4:68:4D:3E:58:EC	-84
D4:68:4D:3E:58:EC	-85
D4:68:4D:3E:58:EC	-85
D4:68:4D:3E:58:EC	-85
D4:68:4D:3E:58:EC	-85
D4:68:4D:3E:58:EC	-85
D4:68:4D:3E:58:EC	-85
D4:68:4D:3E:58:EC	-85
D4:68:4D:3E:58:EC	-85
D4:68:4D:3E:58:EC	-86
D4:68:4D:3E:59:38	-71
D4:68:4D:3E:59:38	-71
D4:68:4D:3E:59:38	-71
D4:68:4D:3E:59:38	-72
D4:68:4D:3E:59:38	-72
D4:68:4D:3E:59:38	-72
D4:68:4D:3E:59:38	-72
D4:68:4D:3E:59:38	-72
D4:68:4D:3E:59:38	-72
D4:68:4D:3E:59:38	-110
D4:68:4D:3E:59:38	-110
D4:68:4D:3E:59:3C	-82
D4:68:4D:3E:59:3C	-82
D4:68:4D:3E:59:3C	-83
D4:68:4D:3E:59:3C	-83
D4:68:4D:3E:59:3C	-83
D4:68:4D:3E:59:3C	-83
D4:68:4D:3E:59:3C	-84
D4:68:4D:3E:59:3C	-84
D4:68:4D:3E:59:3C	-84
D4:68:4D:3E:59:3C	-84
D4:68:4D:3E:59:3C	-84
D4:68:4D:3E:77:38	-82
D4:68:4D:3E:77:38	-82
D4:68:4D:3E:77:38	-82
D4:68:4D:3E:77:38	-82
D4:68:4D:3E:77:38	-82
D4:68:4D:3E:77:38	-82
D4:68:4D:3E:77:38	-82
D4:68:4D:3E:77:38	-82
D4:68:4D:3E:77:38	-82
D4:68:4D:3E:77:38	-110
D4:68:4D:3E:77:38	-110
D4:68:4D:3E:77:3C	-110
D4:68:4D:3E:77:3C	-110
D4:68:4D:3E:77:3C	-110
D4:68:4D:3E:77:3C	-110
D4:68:4D:3E:77:3C	-110
D4:68:4D:3E:77:3C	-110
D4:68:4D:3E:77:3C	-110
D4:68:4D:3E:77:3C	-110
D4:68:4D:3E:77:3C	-110
D4:68:4D:3E:77:3C	-110
D4:68:4D:3E:77:3C	-110
D4:68:4D:3E:78:A8	-88
D4:68:4D:3E:78:A8	-88
D4:68:4D:3E:78:A8	-88
D4:68:4D:3E:78:A8	-88
D4:68:4D:3E:78:A8	-89
D4:68:4D:3E:78:A8	-89
D4:68:4D:3E:78:A8	-89
D4:68:4D:3E:78:A8	-89
D4:68:4D:3E:78:A8	-89
D4:68:4D:3E:81:88	-62
D4:68:4D:3E:81:88	-63
D4:68:4D:3E:81:88	-63
D4:68:4D:3E:81:88	-64
D4:68:4D:3E:81:88	-64
D4:68:4D:3E:81:88	-64
D4:68:4D:3E:81:88	-64
D4:68:4D:3E:81:88	-64
D4:68:4D:3E:81:88	-64
D4:68:4D:3E:81:88	-64
D4:68:4D:3E:81:88	-73
D4:68:4D:3E:81:8C	-74
D4:68:4D:3E:81:8C	-74
D4:68:4D:3E:81:8C	-74
D4:68:4D:3E:81:8C	-74
D4:68:4D:3E:81:8C	-74
D4:68:4D:3E:81:8C	-74
D4:68:4D:3E:81:8C	-74
D4:68:4D:3E:81:8C	-74
D4:68:4D:3E:81:8C	-74
D4:68:4D:3E:81:8C	-74
D4:68:4D:3E:81:8C	-110
D4:68:4D:3E:81:98	-57
D4:68:4D:3E:81:98	-59
D4:68:4D:3E:81:98	-60
D4:68:4D:3E:81:98	-61
D4:68:4D:3E:81:98	-61
D4:68:4D:3E:81:98	-62
D4:68:4D:3E:81:98	-62
D4:68:4D:3E:81:98	-62
D4:68:4D:3E:81:98	-62
D4:68:4D:3E:81:98	-62
D4:68:4D:3E:81:98	-62
D4:68:4D:3E:81:9C	-73
D4:68:4D:3E:81:9C	-74
D4:68:4D:3E:81:9C	-77
D4:68:4D:3E:81:9C	-77
D4:68:4D:3E:81:9C	-77
D4:68:4D:3E:81:9C	-77
D4:68:4D:3E:81:9C	-77
D4:68:4D:3E:81:9C	-77
D4:68:4D:3E:81:9C	-77
D4:68:4D:3E:81:9C	-77
D4:68:4D:3E:81:9C	-78
D4:68:4D:3E:81:A8	-68
D4:68:4D:3E:81:A8	-69
D4:68:4D:3E:81:A8	-69
D4:68:4D:3E:81:A8	-69
D4:68:4D:3E:81:A8	-69
D4:68:4D:3E:81:A8	-69
D4:68:4D:3E:81:A8	-69
D4:68:4D:3E:81:A8	-70
D4:68:4D:3E:81:A8	-70
D4:68:4D:3E:81:A8	-70
D4:68:4D:3E:81:A8	-70
D4:68:4D:3E:81:AC	-88
D4:68:4D:3E:81:AC	-88
D4:68:4D:3E:81:AC	-88
D4:68:4D:3E:81:AC	-88
D4:68:4D:3E:81:AC	-88
D4:68:4D:3E:81:AC	-110
D4:68:4D:3E:81:AC	-110
D4:68:4D:3E:81:AC	-110
D4:68:4D:3E:81:AC	-110
D4:68:4D:3E:81:AC	-110
D4:68:4D:3E:81:AC	-110
D4:68:4D:3E:81:C8	-110
D4:68:4D:3E:81:C8	-110
D4:68:4D:3E:81:C8	-110
D4:68:4D:3E:81:C8	-110
D4:68:4D:3E:81:C8	-110
D4:68:4D:3E:81:C8	-110
D4:68:4D:3E:81:C8	-110
D4:68:4D:3E:81:C8	-110
D4:68:4D:3E:81:C8	-110
D4:68:4D:3E:81:C8	-110
D4:68:4D:3E:81:C8	-110
D4:68:4D:3E:82:98	-52
D4:68:4D:3E:82:98	-52
D4:68:4D:3E:82:98	-52
D4:68:4D:3E:82:98	-53
D4:68:4D:3E:82:98	-53
D4:68:4D:3E:82:98	-53
D4:68:4D:3E:82:98	-53
D4:68:4D:3E:82:98	-54
D4:68:4D:3E:82:98	-54
D4:68:4D:3E:82:98	-86
D4:68:4D:3E:82:98	-86
D4:68:4D:3E:82:9C	-56
D4:68:4D:3E:82:9C	-56
D4:68:4D:3E:82:9C	-56
D4:68:4D:3E:82:9C	-56
D4:68:4D:3E:82:9C	-56
D4:68:4D:3E:82:9C	-56
D4:68:4D:3E:82:9C	-56
D4:68:4D:3E:82:9C	-56
D4:68:4D:3E:82:9C	-56
D4:68:4D:3E:82:9C	-57
D4:68:4D:3E:82:9C	-57
D4:68:4D:3E:87:F8	-57
D4:68:4D:3E:87:F8	-57
D4:68:4D:3E:87:F8	-59
D4:68:4D:3E:87:F8	-60
D4:68:4D:3E:87:F8	-61
D4:68:4D:3E:87:F8	-61
D4:68:4D:3E:87:F8	-61
D4:68:4D:3E:87:F8	-62
D4:68:4D:3E:87:F8	-62
D4:68:4D:3E:87:F8	-62
D4:68:4D:3E:87:F8	-68
D4:68:4D:3E:87:FC	-65
D4:68:4D:3E:87:FC	-65
D4:68:4D:3E:87:FC	-65
D4:68:4D:3E:87:FC	-66
D4:68:4D:3E:87:FC	-66
D4:68:4D:3E:87:FC	-66
D4:68:4D:3E:87:FC	-66
D4:68:4D:3E:87:FC	-66
D4:68:4D:3E:87:FC	-66
D4:68:4D:3E:87:FC	-66
D4:68:4D:3E:87:FC	-110
D4:68:4D:3E:89:58	-110
D4:68:4D:3E:89:58	-110
D4:68:4D:3E:89:58	-110
D4:68:4D:3E:89:58	-110
D4:68:4D:3E:89:58	-110
D4:68:4D:3E:89:58	-110
D4:68:4D:3E:89:58	-110
D4:68:4D:3E:89:58	-110
D4:68:4D:3E:89:58	-110
D4:68:4D:3E:89:58	-110
D4:68:4D:3E:89:58	-110
D4:68:4D:3E:8A:68	-57
D4:68:4D:3E:8A:68	-58
D4:68:4D:3E:8A:68	-59
D4:68:4D:3E:8A:68	-59
D4:68:4D:3E:8A:68	-59
D4:68:4D:3E:8A:68	-59
D4:68:4D:3E:8A:68	-60
D4:68:4D:3E:8A:68	-60
D4:68:4D:3E:8A:68	-60
D4:68:4D:3E:8A:68	-60
D4:68:4D:3E:8A:68	-61
D4:68:4D:3E:8A:6C	-63
D4:68:4D:3E:8A:6C	-63
D4:68:4D:3E:8A:6C	-63
D4:68:4D:3E:8A:6C	-64
D4:68:4D:3E:8A:6C	-64
D4:68:4D:3E:8A:6C	-64
D4:68:4D:3E:8A:6C	-64
D4:68:4D:3E:8A:6C	-64
D4:68:4D:3E:8A:6C	-64
D4:68:4D:3E:8A:6C	-64
D4:68:4D:3E:8A:6C	-64
D4:68:4D:3E:8B:48	-110
D4:68:4D:3E:8B:48	-110
D4:68:4D:3E:8B:48	-110
D4:68:4D:3E:8B:48	-110
D4:68:4D:3E:8B:48	-110
D4:68:4D:3E:8B:48	-110
D4:68:4D:3E:8B:48	-110
D4:68:4D:3E:8B:48	-110
D4:68:4D:3E:8B:48	-110
D4:68:4D:3E:8B:48	-110
D4:68:4D:3E:8B:48	-110
D4:68:4D:3E:8C:88	-56
D4:68:4D:3E:8C:88	-56
D4:68:4D:3E:8C:88	-56
D4:68:4D:3E:8C:88	-57
D4:68:4D:3E:8C:88	-57
D4:68:4D:3E:8C:88	-57
D4:68:4D:3E:8C:88	-57
D4:68:4D:3E:8C:88	-57
D4:68:4D:3E:8C:88	-58
D4:68:4D:3E:8C:88	-58
D4:68:4D:3E:8C:88	-87
D4:68:4D:3E:8C:8C	-66
D4:68:4D:3E:8C:8C	-66
D4:68:4D:3E:8C:8C	-67
D4:68:4D:3E:8C:8C	-67
D4:68:4D:3E:8C:8C	-67
D4:68:4D:3E:8C:8C	-67
D4:68:4D:3E:8C:8C	-67
D4:68:4D:3E:8C:8C	-68
D4:68:4D:3E:8C:8C	-68
D4:68:4D:3E:8C:8C	-68
D4:68:4D:3E:8C:8C	-69
D4:68:4D:3E:8E:38	-110
D4:68:4D:3E:8E:38	-110
D4:68:4D:3E:8E:38	-110
D4:68:4D:3E:8E:38	-110
D4:68:4D:3E:8E:38	-110
D4:68:4D:3E:8E:38	-110
D4:68:4D:3E:8E:38	-110
D4:68:4D:3E:8E:38	-110
D4:68:4D:3E:8E:38	-110
D4:68:4D:3E:8E:38	-110
D4:68:4D:3E:8E:38	-110
D4:68:4D:3E:8E:88	-83
D4:68:4D:3E:8E:88	-83
D4:68:4D:3E:8E:88	-83
D4:68:4D:3E:8E:88	-83
D4:68:4D:3E:8E:88	-83
D4:68:4D:3E:8E:88	-83
D4:68:4D:3E:8E:88	-83
D4:68:4D:3E:8E:88	-83
D4:68:4D:3E:8E:88	-85
D4:68:4D:3E:8E:88	-85
D4:68:4D:3E:8E:88	-110
D4:68:4D:3E:8E:8C	-110
D4:68:4D:3E:8E:8C	-110
D4:68:4D:3E:8E:8C	-110
D4:68:4D:3E:8E:8C	-110
D4:68:4D:3E:8E:8C	-110
D4:68:4D:3E:8E:8C	-110
D4:68:4D:3E:8E:8C	-110
D4:68:4D:3E:8E:8C	-110
D4:68:4D:3E:8E:8C	-110
D4:68:4D:3E:8E:8C	-110
D4:68:4D:3E:8E:8C	-110
D4:68:4D:3E:91:D8	-49
D4:68:4D:3E:91:D8	-49
D4:68:4D:3E:91:D8	-49
D4:68:4D:3E:91:D8	-49
D4:68:4D:3E:91:D8	-49
D4:68:4D:3E:91:D8	-49
D4:68:4D:3E:91:D8	-49
D4:68:4D:3E:91:D8	-49
D4:68:4D:3E:91:D8	-49
D4:68:4D:3E:91:D8	-50
D4:68:4D:3E:91:D8	-52
D4:68:4D:3E:91:DC	-53
D4:68:4D:3E:91:DC	-53
D4:68:4D:3E:91:DC	-54
D4:68:4D:3E:91:DC	-54
D4:68:4D:3E:91:DC	-54
D4:68:4D:3E:91:DC	-54
D4:68:4D:3E:91:DC	-54
D4:68:4D:3E:91:DC	-54
D4:68:4D:3E:91:DC	-54
D4:68:4D:3E:91:DC	-54
D4:68:4D:3E:91:DC	-54
D4:68:4D:3E:97:F8	-110
D4:68:4D:3E:97:F8	-110
D4:68:4D:3E:97:F8	-110
D4:68:4D:3E:97:F8	-110
D4:68:4D:3E:97:F8	-110
D4:68:4D:3E:97:F8	-110
D4:68:4D:3E:97:F8	-110
D4:68:4D:3E:97:F8	-110
D4:68:4D:3E:97:F8	-110
D4:68:4D:3E:97:F8	-110
D4:68:4D:3E:97:F8	-110
D4:68:4D:3E:A3:08	-65
D4:68:4D:3E:A3:08	-67
D4:68:4D:3E:A3:08	-67
D4:68:4D:3E:A3:08	-67
D4:68:4D:3E:A3:08	-67
D4:68:4D:3E:A3:08	-67
D4:68:4D:3E:A3:08	-67
D4:68:4D:3E:A3:08	-68
D4:68:4D:3E:A3:08	-68
D4:68:4D:3E:A3:08	-68
D4:68:4D:3E:A3:08	-68
D4:68:4D:3E:A3:0C	-77
D4:68:4D:3E:A3:0C	-77
D4:68:4D:3E:A3:0C	-78
D4:68:4D:3E:A3:0C	-78
D4:68:4D:3E:A3:0C	-79
D4:68:4D:3E:A3:0C	-79
D4:68:4D:3E:A3:0C	-79
D4:68:4D:3E:A3:0C	-79
D4:68:4D:3E:A3:0C	-79
D4:68:4D:3E:A3:0C	-79
D4:68:4D:3E:A3:0C	-79
D4:68:4D:3E:A3:C8	-80
D4:68:4D:3E:A3:C8	-80
D4:68:4D:3E:A3:C8	-80
D4:68:4D:3E:A3:C8	-80
D4:68:4D:3E:A3:C8	-82
D4:68:4D:3E:A3:C8	-82
D4:68:4D:3E:A3:C8	-82
D4:68:4D:3E:A3:C8	-82
D4:68:4D:3E:A3:C8	-82
D4:68:4D:3E:A3:C8	-82
D4:68:4D:3E:A3:C8	-110
D4:68:4D:3E:A4:28	-56
D4:68:4D:3E:A4:28	-57
D4:68:4D:3E:A4:28	-57
D4:68:4D:3E:A4:28	-57
D4:68:4D:3E:A4:28	-58
D4:68:4D:3E:A4:28	-59
D4:68:4D:3E:A4:28	-59
D4:68:4D:3E:A4:28	-59
D4:68:4D:3E:A4:28	-59
D4:68:4D:3E:A4:28	-60
D4:68:4D:3E:A4:28	-60
D4:68:4D:3E:A4:2C	-67
D4:68:4D:3E:A4:2C	-67
D4:68:4D:3E:A4:2C	-67
D4:68:4D:3E:A4:2C	-67
D4:68:4D:3E:A4:2C	-67
D4:68:4D:3E:A4:2C	-67
D4:68:4D:3E:A4:2C	-68
D4:68:4D:3E:A4:2C	-68
D4:68:4D:3E:A4:2C	-68
D4:68:4D:3E:A4:2C	-68
D4:68:4D:3E:A4:2C	-68
D4:68:4D:3E:A5:08	-110
D4:68:4D:3E:A5:08	-110
D4:68:4D:3E:A5:08	-110
D4:68:4D:3E:A5:08	-110
D4:68:4D:3E:A5:08	-110
D4:68:4D:3E:A5:08	-110
D4:68:4D:3E:A5:08	-110
D4:68:4D:3E:A5:08	-110
D4:68:4D:3E:A5:08	-110
D4:68:4D:3E:A5:08	-110
D4:68:4D:3E:A5:08	-110
D4:68:4D:3E:A6:38	-89
D4:68:4D:3E:A6:38	-89
D4:68:4D:3E:A6:38	-89
D4:68:4D:3E:A6:38	-89
D4:68:4D:3E:A6:38	-90
D4:68:4D:3E:A6:38	-110
D4:68:4D:3E:A6:38	-110
D4:68:4D:3E:A6:38	-110
D4:68:4D:3E:A6:38	-110
D4:68:4D:3E:A6:38	-110
D4:68:4D:3E:A6:38	-110
D4:68:4D:3E:A6:3C	-110
D4:68:4D:3E:A6:3C	-110
D4:68:4D:3E:A6:3C	-110
D4:68:4D:3E:A6:3C	-110
D4:68:4D:3E:A6:3C	-110
D4:68:4D:3E:A6:3C	-110
D4:68:4D:3E:A6:3C	-110
D4:68:4D:3E:A6:3C	-110
D4:68:4D:3E:A6:3C	-110
D4:68:4D:3E:A6:3C	-110
D4:68:4D:3E:A6:3C	-110
D4:68:4D:3E:A6:88	-78
D4:68:4D:3E:A6:88	-78
D4:68:4D:3E:A6:88	-79
D4:68:4D:3E:A6:88	-80
D4:68:4D:3E:A6:88	-80
D4:68:4D:3E:A6:88	-80
D4:68:4D:3E:A6:88	-80
D4:68:4D:3E:A6:88	-80
D4:68:4D:3E:A6:88	-81
D4:68:4D:3E:A6:88	-83
D4:68:4D:3E:A6:88	-110
D4:68:4D:3E:A6:8C	-81
D4:68:4D:3E:A6:8C	-81
D4:68:4D:3E:A6:8C	-81
D4:68:4D:3E:A6:8C	-82
D4:68:4D:3E:A6:8C	-82
D4:68:4D:3E:A6:8C	-82
D4:68:4D:3E:A6:8C	-82
D4:68:4D:3E:A6:8C	-82
D4:68:4D:3E:A6:8C	-83
D4:68:4D:3E:A6:8C	-83
D4:68:4D:3E:A6:8C	-83
D4:68:4D:3E:A7:B8	-87
D4:68:4D:3E:A7:B8	-88
D4:68:4D:3E:A7:B8	-88
D4:68:4D:3E:A7:B8	-88
D4:68:4D:3E:A7:B8	-88
D4:68:4D:3E:A7:B8	-88
D4:68:4D:3E:A7:B8	-88
D4:68:4D:3E:A7:B8	-88
D4:68:4D:3E:A7:B8	-88
D4:68:4D:3E:A7:B8	-110
D4:68:4D:3E:A7:B8	-110
D4:C1:9E:3F:1A:98	-65
D4:C1:9E:3F:1A:98	-66
D4:C1:9E:3F:1A:98	-66
D4:C1:9E:3F:1A:98	-66
D4:C1:9E:3F:1A:98	-66
D4:C1:9E:3F:1A:98	-66
D4:C1:9E:3F:1A:98	-66
D4:C1:9E:3F:1A:98	-66
D4:C1:9E:3F:1A:98	-66
D4:C1:9E:3F:1A:98	-66
D4:C1:9E:3F:1A:98	-66
D4:C1:9E:3F:1A:9C	-110
D4:C1:9E:3F:1A:9C	-110
D4:C1:9E:3F:1A:9C	-110
D4:C1:9E:3F:1A:9C	-110
D4:C1:9E:3F:1A:9C	-110
D4:C1:9E:3F:1A:9C	-110
D4:C1:9E:3F:1A:9C	-110
D4:C1:9E:3F:1A:9C	-110
D4:C1:9E:3F:1A:9C	-110
D4:C1:9E:3F:1A:9C	-110
D4:C1:9E:3F:1A:9C	-110
D4:C1:9E:7F:1A:58	-110
D4:C1:9E:7F:1A:58	-110
D4:C1:9E:7F:1A:58	-110
D4:C1:9E:7F:1A:58	-110
D4:C1:9E:7F:1A:58	-110
D4:C1:9E:7F:1A:58	-110
D4:C1:9E:7F:1A:58	-110
D4:C1:9E:7F:1A:58	-110
D4:C1:9E:7F:1A:58	-110
D4:C1:9E:7F:1A:58	-110
D4:C1:9E:7F:1A:58	-110
D4:C1:9E:BF:1A:57	-110
D4:C1:9E:BF:1A:57	-110
D4:C1:9E:BF:1A:57	-110
D4:C1:9E:BF:1A:57	-110
D4:C1:9E:BF:1A:57	-110
D4:C1:9E:BF:1A:57	-110
D4:C1:9E:BF:1A:57	-110
D4:C1:9E:BF:1A:57	-110
D4:C1:9E:BF:1A:57	-110
D4:C1:9E:BF:1A:57	-110
D4:C1:9E:BF:1A:57	-110
D4:C1:9E:BF:1A:97	-110
D4:C1:9E:BF:1A:97	-110
D4:C1:9E:BF:1A:97	-110
D4:C1:9E:BF:1A:97	-110
D4:C1:9E:BF:1A:97	-110
D4:C1:9E:BF:1A:97	-110
D4:C1:9E:BF:1A:97	-110
D4:C1:9E:BF:1A:97	-110
D4:C1:9E:BF:1A:97	-110
D4:C1:9E:BF:1A:97	-110
D4:C1:9E:BF:1A:97	-110
DA:32:E3:B9:FF:04	-41
DA:32:E3:B9:FF:04	-43
DA:32:E3:B9:FF:04	-44
DA:32:E3:B9:FF:04	-45
DA:32:E3:B9:FF:04	-45
DA:32:E3:B9:FF:04	-48
DA:32:E3:B9:FF:04	-50
DA:32:E3:B9:FF:04	-52
DA:32:E3:B9:FF:04	-52
DA:32:E3:B9:FF:04	-52
DA:32:E3:B9:FF:04	-53
