00:1E:4A:8F:FE:30	-75
00:1E:4A:8F:FE:30	-75
00:1E:4A:8F:FE:30	-75
00:1E:4A:8F:FE:30	-75
00:1E:4A:8F:FE:30	-76
00:1E:4A:8F:FE:30	-77
00:1E:4A:8F:FE:30	-85
00:1E:4A:8F:FE:30	-85
00:1E:4A:8F:FE:30	-85
00:1E:4A:8F:FE:30	-85
00:1E:4A:8F:FE:30	-85
00:1E:4A:90:00:20	-59
00:1E:4A:90:00:20	-59
00:1E:4A:90:00:20	-59
00:1E:4A:90:00:20	-60
00:1E:4A:90:00:20	-60
00:1E:4A:90:00:20	-60
00:1E:4A:90:00:20	-60
00:1E:4A:90:00:20	-60
00:1E:4A:90:00:20	-61
00:1E:4A:90:00:20	-61
00:1E:4A:90:00:20	-61
00:1E:4A:90:01:70	-80
00:1E:4A:90:01:70	-80
00:1E:4A:90:01:70	-80
00:1E:4A:90:01:70	-80
00:1E:4A:90:01:70	-81
00:1E:4A:90:01:70	-81
00:1E:4A:90:01:70	-81
00:1E:4A:90:01:70	-81
00:1E:4A:90:01:70	-110
00:1E:4A:90:01:70	-110
00:1E:4A:90:01:70	-110
00:24:82:25:4E:58	-60
00:24:82:25:4E:58	-60
00:24:82:25:4E:58	-61
00:24:82:25:4E:58	-62
00:24:82:25:4E:58	-62
00:24:82:25:4E:58	-62
00:24:82:25:4E:58	-62
00:24:82:25:4E:58	-62
00:24:82:25:4E:58	-62
00:24:82:25:4E:58	-63
00:24:82:25:4E:58	-64
00:24:82:25:4E:5A	-60
00:24:82:25:4E:5A	-60
00:24:82:25:4E:5A	-60
00:24:82:25:4E:5A	-60
00:24:82:25:4E:5A	-110
00:24:82:25:4E:5A	-110
00:24:82:25:4E:5A	-110
00:24:82:25:4E:5A	-110
00:24:82:25:4E:5A	-110
00:24:82:25:4E:5A	-110
00:24:82:25:4E:5A	-110
00:24:82:65:4E:58	-60
00:24:82:65:4E:58	-61
00:24:82:65:4E:58	-61
00:24:82:65:4E:58	-61
00:24:82:65:4E:58	-61
00:24:82:65:4E:58	-62
00:24:82:65:4E:58	-62
00:24:82:65:4E:58	-62
00:24:82:65:4E:58	-63
00:24:82:65:4E:58	-63
00:24:82:65:4E:58	-63
2C:E6:CC:1A:CB:D8	-62
2C:E6:CC:1A:CB:D8	-62
2C:E6:CC:1A:CB:D8	-62
2C:E6:CC:1A:CB:D8	-62
2C:E6:CC:1A:CB:D8	-62
2C:E6:CC:1A:CB:D8	-62
2C:E6:CC:1A:CB:D8	-62
2C:E6:CC:1A:CB:D8	-62
2C:E6:CC:1A:CB:D8	-62
2C:E6:CC:1A:CB:D8	-62
2C:E6:CC:1A:CB:D8	-110
42:49:0F:9A:96:50	-80
42:49:0F:9A:96:50	-80
42:49:0F:9A:96:50	-80
42:49:0F:9A:96:50	-110
42:49:0F:9A:96:50	-110
42:49:0F:9A:96:50	-110
42:49:0F:9A:96:50	-110
42:49:0F:9A:96:50	-110
42:49:0F:9A:96:50	-110
42:49:0F:9A:96:50	-110
42:49:0F:9A:96:50	-110
44:1C:A8:0F:72:9E	-70
44:1C:A8:0F:72:9E	-70
44:1C:A8:0F:72:9E	-71
44:1C:A8:0F:72:9E	-71
44:1C:A8:0F:72:9E	-72
44:1C:A8:0F:72:9E	-74
44:1C:A8:0F:72:9E	-75
44:1C:A8:0F:72:9E	-75
44:1C:A8:0F:72:9E	-75
44:1C:A8:0F:72:9E	-76
44:1C:A8:0F:72:9E	-81
56:13:79:D4:3E:98	-110
56:13:79:D4:3E:98	-110
56:13:79:D4:3E:98	-110
56:13:79:D4:3E:98	-110
56:13:79:D4:3E:98	-110
56:13:79:D4:3E:98	-110
56:13:79:D4:3E:98	-110
56:13:79:D4:3E:98	-110
56:13:79:D4:3E:98	-110
56:13:79:D4:3E:98	-110
56:13:79:D4:3E:98	-110
58:93:96:08:4A:18	-74
58:93:96:08:4A:18	-74
58:93:96:08:4A:18	-74
58:93:96:08:4A:18	-74
58:93:96:08:4A:18	-74
58:93:96:08:4A:18	-74
58:93:96:08:4A:18	-74
58:93:96:08:4A:18	-74
58:93:96:08:4A:18	-74
58:93:96:08:4A:18	-74
58:93:96:08:4A:18	-74
58:93:96:08:4A:1C	-110
58:93:96:08:4A:1C	-110
58:93:96:08:4A:1C	-110
58:93:96:08:4A:1C	-110
58:93:96:08:4A:1C	-110
58:93:96:08:4A:1C	-110
58:93:96:08:4A:1C	-110
58:93:96:08:4A:1C	-110
58:93:96:08:4A:1C	-110
58:93:96:08:4A:1C	-110
58:93:96:08:4A:1C	-110
5C:51:88:82:1B:34	-76
5C:51:88:82:1B:34	-76
5C:51:88:82:1B:34	-76
5C:51:88:82:1B:34	-76
5C:51:88:82:1B:34	-76
5C:51:88:82:1B:34	-76
5C:51:88:82:1B:34	-76
5C:51:88:82:1B:34	-76
5C:51:88:82:1B:34	-76
5C:51:88:82:1B:34	-76
5C:51:88:82:1B:34	-110
80:AD:16:BB:7F:E6	-110
80:AD:16:BB:7F:E6	-110
80:AD:16:BB:7F:E6	-110
80:AD:16:BB:7F:E6	-110
80:AD:16:BB:7F:E6	-110
80:AD:16:BB:7F:E6	-110
80:AD:16:BB:7F:E6	-110
80:AD:16:BB:7F:E6	-110
80:AD:16:BB:7F:E6	-110
80:AD:16:BB:7F:E6	-110
80:AD:16:BB:7F:E6	-110
D4:68:4D:3E:19:78	-110
D4:68:4D:3E:19:78	-110
D4:68:4D:3E:19:78	-110
D4:68:4D:3E:19:78	-110
D4:68:4D:3E:19:78	-110
D4:68:4D:3E:19:78	-110
D4:68:4D:3E:19:78	-110
D4:68:4D:3E:19:78	-110
D4:68:4D:3E:19:78	-110
D4:68:4D:3E:19:78	-110
D4:68:4D:3E:19:78	-110
D4:68:4D:3E:19:7C	-110
D4:68:4D:3E:19:7C	-110
D4:68:4D:3E:19:7C	-110
D4:68:4D:3E:19:7C	-110
D4:68:4D:3E:19:7C	-110
D4:68:4D:3E:19:7C	-110
D4:68:4D:3E:19:7C	-110
D4:68:4D:3E:19:7C	-110
D4:68:4D:3E:19:7C	-110
D4:68:4D:3E:19:7C	-110
D4:68:4D:3E:19:7C	-110
D4:68:4D:3E:54:98	-58
D4:68:4D:3E:54:98	-58
D4:68:4D:3E:54:98	-58
D4:68:4D:3E:54:98	-58
D4:68:4D:3E:54:98	-59
D4:68:4D:3E:54:98	-59
D4:68:4D:3E:54:98	-59
D4:68:4D:3E:54:98	-59
D4:68:4D:3E:54:98	-59
D4:68:4D:3E:54:98	-60
D4:68:4D:3E:54:98	-60
D4:68:4D:3E:54:9C	-81
D4:68:4D:3E:54:9C	-81
D4:68:4D:3E:54:9C	-81
D4:68:4D:3E:54:9C	-81
D4:68:4D:3E:54:9C	-81
D4:68:4D:3E:54:9C	-81
D4:68:4D:3E:54:9C	-81
D4:68:4D:3E:54:9C	-81
D4:68:4D:3E:54:9C	-83
D4:68:4D:3E:54:9C	-83
D4:68:4D:3E:54:9C	-110
D4:68:4D:3E:54:D8	-82
D4:68:4D:3E:54:D8	-82
D4:68:4D:3E:54:D8	-82
D4:68:4D:3E:54:D8	-82
D4:68:4D:3E:54:D8	-83
D4:68:4D:3E:54:D8	-83
D4:68:4D:3E:54:D8	-83
D4:68:4D:3E:54:D8	-85
D4:68:4D:3E:54:D8	-87
D4:68:4D:3E:54:D8	-110
D4:68:4D:3E:54:D8	-110
D4:68:4D:3E:54:DC	-110
D4:68:4D:3E:54:DC	-110
D4:68:4D:3E:54:DC	-110
D4:68:4D:3E:54:DC	-110
D4:68:4D:3E:54:DC	-110
D4:68:4D:3E:54:DC	-110
D4:68:4D:3E:54:DC	-110
D4:68:4D:3E:54:DC	-110
D4:68:4D:3E:54:DC	-110
D4:68:4D:3E:54:DC	-110
D4:68:4D:3E:54:DC	-110
D4:68:4D:3E:58:E8	-68
D4:68:4D:3E:58:E8	-69
D4:68:4D:3E:58:E8	-70
D4:68:4D:3E:58:E8	-70
D4:68:4D:3E:58:E8	-70
D4:68:4D:3E:58:E8	-70
D4:68:4D:3E:58:E8	-70
D4:68:4D:3E:58:E8	-70
D4:68:4D:3E:58:E8	-71
D4:68:4D:3E:58:E8	-72
D4:68:4D:3E:58:E8	-72
D4:68:4D:3E:58:EC	-110
D4:68:4D:3E:58:EC	-110
D4:68:4D:3E:58:EC	-110
D4:68:4D:3E:58:EC	-110
D4:68:4D:3E:58:EC	-110
D4:68:4D:3E:58:EC	-110
D4:68:4D:3E:58:EC	-110
D4:68:4D:3E:58:EC	-110
D4:68:4D:3E:58:EC	-110
D4:68:4D:3E:58:EC	-110
D4:68:4D:3E:58:EC	-110
D4:68:4D:3E:59:38	-77
D4:68:4D:3E:59:38	-77
D4:68:4D:3E:59:38	-79
D4:68:4D:3E:59:38	-79
D4:68:4D:3E:59:38	-80
D4:68:4D:3E:59:38	-80
D4:68:4D:3E:59:38	-81
D4:68:4D:3E:59:38	-84
D4:68:4D:3E:59:38	-84
D4:68:4D:3E:59:38	-84
D4:68:4D:3E:59:38	-84
D4:68:4D:3E:59:3C	-110
D4:68:4D:3E:59:3C	-110
D4:68:4D:3E:59:3C	-110
D4:68:4D:3E:59:3C	-110
D4:68:4D:3E:59:3C	-110
D4:68:4D:3E:59:3C	-110
D4:68:4D:3E:59:3C	-110
D4:68:4D:3E:59:3C	-110
D4:68:4D:3E:59:3C	-110
D4:68:4D:3E:59:3C	-110
D4:68:4D:3E:59:3C	-110
D4:68:4D:3E:77:38	-83
D4:68:4D:3E:77:38	-83
D4:68:4D:3E:77:38	-83
D4:68:4D:3E:77:38	-83
D4:68:4D:3E:77:38	-110
D4:68:4D:3E:77:38	-110
D4:68:4D:3E:77:38	-110
D4:68:4D:3E:77:38	-110
D4:68:4D:3E:77:38	-110
D4:68:4D:3E:77:38	-110
D4:68:4D:3E:77:38	-110
D4:68:4D:3E:81:88	-78
D4:68:4D:3E:81:88	-78
D4:68:4D:3E:81:88	-78
D4:68:4D:3E:81:88	-78
D4:68:4D:3E:81:88	-80
D4:68:4D:3E:81:88	-81
D4:68:4D:3E:81:88	-81
D4:68:4D:3E:81:88	-83
D4:68:4D:3E:81:88	-83
D4:68:4D:3E:81:88	-110
D4:68:4D:3E:81:88	-110
D4:68:4D:3E:81:8C	-110
D4:68:4D:3E:81:8C	-110
D4:68:4D:3E:81:8C	-110
D4:68:4D:3E:81:8C	-110
D4:68:4D:3E:81:8C	-110
D4:68:4D:3E:81:8C	-110
D4:68:4D:3E:81:8C	-110
D4:68:4D:3E:81:8C	-110
D4:68:4D:3E:81:8C	-110
D4:68:4D:3E:81:8C	-110
D4:68:4D:3E:81:8C	-110
D4:68:4D:3E:81:98	-62
D4:68:4D:3E:81:98	-63
D4:68:4D:3E:81:98	-63
D4:68:4D:3E:81:98	-64
D4:68:4D:3E:81:98	-64
D4:68:4D:3E:81:98	-64
D4:68:4D:3E:81:98	-64
D4:68:4D:3E:81:98	-64
D4:68:4D:3E:81:98	-64
D4:68:4D:3E:81:98	-64
D4:68:4D:3E:81:98	-66
D4:68:4D:3E:81:9C	-65
D4:68:4D:3E:81:9C	-66
D4:68:4D:3E:81:9C	-66
D4:68:4D:3E:81:9C	-66
D4:68:4D:3E:81:9C	-67
D4:68:4D:3E:81:9C	-67
D4:68:4D:3E:81:9C	-67
D4:68:4D:3E:81:9C	-68
D4:68:4D:3E:81:9C	-68
D4:68:4D:3E:81:9C	-69
D4:68:4D:3E:81:9C	-69
D4:68:4D:3E:81:A8	-45
D4:68:4D:3E:81:A8	-45
D4:68:4D:3E:81:A8	-45
D4:68:4D:3E:81:A8	-45
D4:68:4D:3E:81:A8	-46
D4:68:4D:3E:81:A8	-46
D4:68:4D:3E:81:A8	-46
D4:68:4D:3E:81:A8	-47
D4:68:4D:3E:81:A8	-48
D4:68:4D:3E:81:A8	-48
D4:68:4D:3E:81:A8	-50
D4:68:4D:3E:81:AC	-66
D4:68:4D:3E:81:AC	-66
D4:68:4D:3E:81:AC	-66
D4:68:4D:3E:81:AC	-66
D4:68:4D:3E:81:AC	-67
D4:68:4D:3E:81:AC	-67
D4:68:4D:3E:81:AC	-67
D4:68:4D:3E:81:AC	-67
D4:68:4D:3E:81:AC	-67
D4:68:4D:3E:81:AC	-67
D4:68:4D:3E:81:AC	-68
D4:68:4D:3E:82:98	-57
D4:68:4D:3E:82:98	-58
D4:68:4D:3E:82:98	-59
D4:68:4D:3E:82:98	-59
D4:68:4D:3E:82:98	-59
D4:68:4D:3E:82:98	-60
D4:68:4D:3E:82:98	-60
D4:68:4D:3E:82:98	-60
D4:68:4D:3E:82:98	-61
D4:68:4D:3E:82:98	-62
D4:68:4D:3E:82:98	-62
D4:68:4D:3E:82:9C	-68
D4:68:4D:3E:82:9C	-68
D4:68:4D:3E:82:9C	-69
D4:68:4D:3E:82:9C	-69
D4:68:4D:3E:82:9C	-69
D4:68:4D:3E:82:9C	-70
D4:68:4D:3E:82:9C	-70
D4:68:4D:3E:82:9C	-71
D4:68:4D:3E:82:9C	-72
D4:68:4D:3E:82:9C	-73
D4:68:4D:3E:82:9C	-74
D4:68:4D:3E:86:68	-110
D4:68:4D:3E:86:68	-110
D4:68:4D:3E:86:68	-110
D4:68:4D:3E:86:68	-110
D4:68:4D:3E:86:68	-110
D4:68:4D:3E:86:68	-110
D4:68:4D:3E:86:68	-110
D4:68:4D:3E:86:68	-110
D4:68:4D:3E:86:68	-110
D4:68:4D:3E:86:68	-110
D4:68:4D:3E:86:68	-110
D4:68:4D:3E:87:F8	-71
D4:68:4D:3E:87:F8	-72
D4:68:4D:3E:87:F8	-72
D4:68:4D:3E:87:F8	-73
D4:68:4D:3E:87:F8	-73
D4:68:4D:3E:87:F8	-73
D4:68:4D:3E:87:F8	-73
D4:68:4D:3E:87:F8	-74
D4:68:4D:3E:87:F8	-74
D4:68:4D:3E:87:F8	-76
D4:68:4D:3E:87:F8	-77
D4:68:4D:3E:87:FC	-85
D4:68:4D:3E:87:FC	-85
D4:68:4D:3E:87:FC	-86
D4:68:4D:3E:87:FC	-86
D4:68:4D:3E:87:FC	-86
D4:68:4D:3E:87:FC	-87
D4:68:4D:3E:87:FC	-87
D4:68:4D:3E:87:FC	-110
D4:68:4D:3E:87:FC	-110
D4:68:4D:3E:87:FC	-110
D4:68:4D:3E:87:FC	-110
D4:68:4D:3E:8A:68	-39
D4:68:4D:3E:8A:68	-40
D4:68:4D:3E:8A:68	-41
D4:68:4D:3E:8A:68	-41
D4:68:4D:3E:8A:68	-42
D4:68:4D:3E:8A:68	-42
D4:68:4D:3E:8A:68	-42
D4:68:4D:3E:8A:68	-42
D4:68:4D:3E:8A:68	-42
D4:68:4D:3E:8A:68	-42
D4:68:4D:3E:8A:68	-43
D4:68:4D:3E:8A:6C	-42
D4:68:4D:3E:8A:6C	-43
D4:68:4D:3E:8A:6C	-43
D4:68:4D:3E:8A:6C	-43
D4:68:4D:3E:8A:6C	-44
D4:68:4D:3E:8A:6C	-44
D4:68:4D:3E:8A:6C	-44
D4:68:4D:3E:8A:6C	-44
D4:68:4D:3E:8A:6C	-44
D4:68:4D:3E:8A:6C	-44
D4:68:4D:3E:8A:6C	-44
D4:68:4D:3E:8C:88	-64
D4:68:4D:3E:8C:88	-65
D4:68:4D:3E:8C:88	-65
D4:68:4D:3E:8C:88	-65
D4:68:4D:3E:8C:88	-65
D4:68:4D:3E:8C:88	-66
D4:68:4D:3E:8C:88	-67
D4:68:4D:3E:8C:88	-67
D4:68:4D:3E:8C:88	-67
D4:68:4D:3E:8C:88	-67
D4:68:4D:3E:8C:88	-110
D4:68:4D:3E:8C:8C	-110
D4:68:4D:3E:8C:8C	-110
D4:68:4D:3E:8C:8C	-110
D4:68:4D:3E:8C:8C	-110
D4:68:4D:3E:8C:8C	-110
D4:68:4D:3E:8C:8C	-110
D4:68:4D:3E:8C:8C	-110
D4:68:4D:3E:8C:8C	-110
D4:68:4D:3E:8C:8C	-110
D4:68:4D:3E:8C:8C	-110
D4:68:4D:3E:8C:8C	-110
D4:68:4D:3E:8E:88	-68
D4:68:4D:3E:8E:88	-68
D4:68:4D:3E:8E:88	-68
D4:68:4D:3E:8E:88	-69
D4:68:4D:3E:8E:88	-69
D4:68:4D:3E:8E:88	-69
D4:68:4D:3E:8E:88	-69
D4:68:4D:3E:8E:88	-70
D4:68:4D:3E:8E:88	-71
D4:68:4D:3E:8E:88	-71
D4:68:4D:3E:8E:88	-71
D4:68:4D:3E:8E:8C	-79
D4:68:4D:3E:8E:8C	-79
D4:68:4D:3E:8E:8C	-80
D4:68:4D:3E:8E:8C	-80
D4:68:4D:3E:8E:8C	-80
D4:68:4D:3E:8E:8C	-81
D4:68:4D:3E:8E:8C	-81
D4:68:4D:3E:8E:8C	-81
D4:68:4D:3E:8E:8C	-81
D4:68:4D:3E:8E:8C	-81
D4:68:4D:3E:8E:8C	-81
D4:68:4D:3E:91:D8	-47
D4:68:4D:3E:91:D8	-48
D4:68:4D:3E:91:D8	-48
D4:68:4D:3E:91:D8	-49
D4:68:4D:3E:91:D8	-49
D4:68:4D:3E:91:D8	-52
D4:68:4D:3E:91:D8	-52
D4:68:4D:3E:91:D8	-52
D4:68:4D:3E:91:D8	-53
D4:68:4D:3E:91:D8	-53
D4:68:4D:3E:91:D8	
D4:68:4D:3E:91:DC	-69
D4:68:4D:3E:91:DC	-70
D4:68:4D:3E:91:DC	-70
D4:68:4D:3E:91:DC	-70
D4:68:4D:3E:91:DC	-70
D4:68:4D:3E:91:DC	-70
D4:68:4D:3E:91:DC	-71
D4:68:4D:3E:91:DC	-71
D4:68:4D:3E:91:DC	-71
D4:68:4D:3E:91:DC	-72
D4:68:4D:3E:91:DC	-72
D4:68:4D:3E:A3:08	-62
D4:68:4D:3E:A3:08	-62
D4:68:4D:3E:A3:08	-64
D4:68:4D:3E:A3:08	-65
D4:68:4D:3E:A3:08	-66
D4:68:4D:3E:A3:08	-67
D4:68:4D:3E:A3:08	-67
D4:68:4D:3E:A3:08	-67
D4:68:4D:3E:A3:08	-68
D4:68:4D:3E:A3:08	-68
D4:68:4D:3E:A3:08	-71
D4:68:4D:3E:A3:0C	-110
D4:68:4D:3E:A3:0C	-110
D4:68:4D:3E:A3:0C	-110
D4:68:4D:3E:A3:0C	-110
D4:68:4D:3E:A3:0C	-110
D4:68:4D:3E:A3:0C	-110
D4:68:4D:3E:A3:0C	-110
D4:68:4D:3E:A3:0C	-110
D4:68:4D:3E:A3:0C	-110
D4:68:4D:3E:A3:0C	-110
D4:68:4D:3E:A3:0C	-110
D4:68:4D:3E:A3:C8	-110
D4:68:4D:3E:A3:C8	-110
D4:68:4D:3E:A3:C8	-110
D4:68:4D:3E:A3:C8	-110
D4:68:4D:3E:A3:C8	-110
D4:68:4D:3E:A3:C8	-110
D4:68:4D:3E:A3:C8	-110
D4:68:4D:3E:A3:C8	-110
D4:68:4D:3E:A3:C8	-110
D4:68:4D:3E:A3:C8	-110
D4:68:4D:3E:A3:C8	-110
D4:68:4D:3E:A4:28	-41
D4:68:4D:3E:A4:28	-42
D4:68:4D:3E:A4:28	-42
D4:68:4D:3E:A4:28	-43
D4:68:4D:3E:A4:28	-43
D4:68:4D:3E:A4:28	-43
D4:68:4D:3E:A4:28	-44
D4:68:4D:3E:A4:28	-44
D4:68:4D:3E:A4:28	-44
D4:68:4D:3E:A4:28	-45
D4:68:4D:3E:A4:28	-45
D4:68:4D:3E:A4:2C	-68
D4:68:4D:3E:A4:2C	-69
D4:68:4D:3E:A4:2C	-70
D4:68:4D:3E:A4:2C	-70
D4:68:4D:3E:A4:2C	-70
D4:68:4D:3E:A4:2C	-70
D4:68:4D:3E:A4:2C	-71
D4:68:4D:3E:A4:2C	-71
D4:68:4D:3E:A4:2C	-71
D4:68:4D:3E:A4:2C	-71
D4:68:4D:3E:A4:2C	-71
D4:68:4D:3E:A6:38	-74
D4:68:4D:3E:A6:38	-76
D4:68:4D:3E:A6:38	-76
D4:68:4D:3E:A6:38	-76
D4:68:4D:3E:A6:38	-77
D4:68:4D:3E:A6:38	-77
D4:68:4D:3E:A6:38	-78
D4:68:4D:3E:A6:38	-78
D4:68:4D:3E:A6:38	-78
D4:68:4D:3E:A6:38	-78
D4:68:4D:3E:A6:38	-110
D4:68:4D:3E:A6:3C	-78
D4:68:4D:3E:A6:3C	-78
D4:68:4D:3E:A6:3C	-78
D4:68:4D:3E:A6:3C	-78
D4:68:4D:3E:A6:3C	-79
D4:68:4D:3E:A6:3C	-79
D4:68:4D:3E:A6:3C	-79
D4:68:4D:3E:A6:3C	-79
D4:68:4D:3E:A6:3C	-79
D4:68:4D:3E:A6:3C	-79
D4:68:4D:3E:A6:3C	-79
D4:68:4D:3E:A6:88	-85
D4:68:4D:3E:A6:88	-85
D4:68:4D:3E:A6:88	-85
D4:68:4D:3E:A6:88	-85
D4:68:4D:3E:A6:88	-110
D4:68:4D:3E:A6:88	-110
D4:68:4D:3E:A6:88	-110
D4:68:4D:3E:A6:88	-110
D4:68:4D:3E:A6:88	-110
D4:68:4D:3E:A6:88	-110
D4:68:4D:3E:A6:88	-110
D4:68:4D:3E:A6:8C	-110
D4:68:4D:3E:A6:8C	-110
D4:68:4D:3E:A6:8C	-110
D4:68:4D:3E:A6:8C	-110
D4:68:4D:3E:A6:8C	-110
D4:68:4D:3E:A6:8C	-110
D4:68:4D:3E:A6:8C	-110
D4:68:4D:3E:A6:8C	-110
D4:68:4D:3E:A6:8C	-110
D4:68:4D:3E:A6:8C	-110
D4:68:4D:3E:A6:8C	-110
D4:68:4D:3E:A7:B8	-110
D4:68:4D:3E:A7:B8	-110
D4:68:4D:3E:A7:B8	-110
D4:68:4D:3E:A7:B8	-110
D4:68:4D:3E:A7:B8	-110
D4:68:4D:3E:A7:B8	-110
D4:68:4D:3E:A7:B8	-110
D4:68:4D:3E:A7:B8	-110
D4:68:4D:3E:A7:B8	-110
D4:68:4D:3E:A7:B8	-110
D4:68:4D:3E:A7:B8	-110
DE:53:60:A3:80:59	-79
DE:53:60:A3:80:59	-79
DE:53:60:A3:80:59	-82
DE:53:60:A3:80:59	-82
DE:53:60:A3:80:59	-82
DE:53:60:A3:80:59	-82
DE:53:60:A3:80:59	-83
DE:53:60:A3:80:59	-83
DE:53:60:A3:80:59	-110
DE:53:60:A3:80:59	-110
DE:53:60:A3:80:59	-110
00:1E:4A:8F:F5:D0	-69
00:1E:4A:8F:F5:D0	-69
00:1E:4A:8F:F5:D0	-69
00:1E:4A:8F:F5:D0	-69
00:1E:4A:8F:F5:D0	-110
00:1E:4A:8F:F5:D0	-110
00:1E:4A:8F:F5:D0	-110
00:1E:4A:8F:F5:D0	-110
00:1E:4A:8F:F5:D0	-110
00:1E:4A:8F:F5:D0	-110
00:1E:4A:8F:F5:D0	-110
00:1E:4A:8F:FE:30	-110
00:1E:4A:8F:FE:30	-110
00:1E:4A:8F:FE:30	-110
00:1E:4A:8F:FE:30	-110
00:1E:4A:8F:FE:30	-110
00:1E:4A:8F:FE:30	-110
00:1E:4A:8F:FE:30	-110
00:1E:4A:8F:FE:30	-110
00:1E:4A:8F:FE:30	-110
00:1E:4A:8F:FE:30	-110
00:1E:4A:8F:FE:30	-110
00:1E:4A:90:00:20	-60
00:1E:4A:90:00:20	-61
00:1E:4A:90:00:20	-62
00:1E:4A:90:00:20	-62
00:1E:4A:90:00:20	-62
00:1E:4A:90:00:20	-62
00:1E:4A:90:00:20	-62
00:1E:4A:90:00:20	-62
00:1E:4A:90:00:20	-65
00:1E:4A:90:00:20	-66
00:1E:4A:90:00:20	-66
00:1E:4A:90:00:20	-66
00:1E:4A:90:01:70	-70
00:1E:4A:90:01:70	-70
00:1E:4A:90:01:70	-70
00:1E:4A:90:01:70	-70
00:1E:4A:90:01:70	-71
00:1E:4A:90:01:70	-71
00:1E:4A:90:01:70	-77
00:1E:4A:90:01:70	-77
00:1E:4A:90:01:70	-78
00:1E:4A:90:01:70	-78
00:1E:4A:90:01:70	-110
00:1E:4A:90:04:30	-80
00:1E:4A:90:04:30	-80
00:1E:4A:90:04:30	-81
00:1E:4A:90:04:30	-81
00:1E:4A:90:04:30	-81
00:1E:4A:90:04:30	-81
00:1E:4A:90:04:30	-82
00:1E:4A:90:04:30	-82
00:1E:4A:90:04:30	-83
00:1E:4A:90:04:30	-83
00:1E:4A:90:04:30	-110
00:22:6B:47:B8:32	-75
00:22:6B:47:B8:32	-76
00:22:6B:47:B8:32	-76
00:22:6B:47:B8:32	-76
00:22:6B:47:B8:32	-76
00:22:6B:47:B8:32	-76
00:22:6B:47:B8:32	-77
00:22:6B:47:B8:32	-77
00:22:6B:47:B8:32	-77
00:22:6B:47:B8:32	-77
00:22:6B:47:B8:32	-77
42:49:0F:9A:96:50	-79
42:49:0F:9A:96:50	-79
42:49:0F:9A:96:50	-79
42:49:0F:9A:96:50	-79
42:49:0F:9A:96:50	-80
42:49:0F:9A:96:50	-80
42:49:0F:9A:96:50	-85
42:49:0F:9A:96:50	-85
42:49:0F:9A:96:50	-85
42:49:0F:9A:96:50	-85
42:49:0F:9A:96:50	-86
42:49:0F:9A:96:50	-87
44:1C:A8:0F:72:9E	-73
44:1C:A8:0F:72:9E	-73
44:1C:A8:0F:72:9E	-74
44:1C:A8:0F:72:9E	-74
44:1C:A8:0F:72:9E	-74
44:1C:A8:0F:72:9E	-75
44:1C:A8:0F:72:9E	-76
44:1C:A8:0F:72:9E	-76
44:1C:A8:0F:72:9E	-76
44:1C:A8:0F:72:9E	-76
44:1C:A8:0F:72:9E	-77
44:1C:A8:0F:72:9E	-77
58:93:96:08:4A:18	-78
58:93:96:08:4A:18	-78
58:93:96:08:4A:18	-79
58:93:96:08:4A:18	-79
58:93:96:08:4A:18	-79
58:93:96:08:4A:18	-79
58:93:96:08:4A:18	-79
58:93:96:08:4A:18	-80
58:93:96:08:4A:18	-80
58:93:96:08:4A:18	-84
58:93:96:08:4A:18	-84
58:93:96:08:4A:18	-110
6C:AA:B3:32:31:C8	-110
6C:AA:B3:32:31:C8	-110
6C:AA:B3:32:31:C8	-110
6C:AA:B3:32:31:C8	-110
6C:AA:B3:32:31:C8	-110
6C:AA:B3:32:31:C8	-110
6C:AA:B3:32:31:C8	-110
6C:AA:B3:32:31:C8	-110
6C:AA:B3:32:31:C8	-110
6C:AA:B3:32:31:C8	-110
6C:AA:B3:32:31:C8	-110
6C:AA:B3:72:31:C8	-110
6C:AA:B3:72:31:C8	-110
6C:AA:B3:72:31:C8	-110
6C:AA:B3:72:31:C8	-110
6C:AA:B3:72:31:C8	-110
6C:AA:B3:72:31:C8	-110
6C:AA:B3:72:31:C8	-110
6C:AA:B3:72:31:C8	-110
6C:AA:B3:72:31:C8	-110
6C:AA:B3:72:31:C8	-110
6C:AA:B3:72:31:C8	-110
6C:AA:B3:72:31:C8	-110
D4:68:4D:3E:19:78	-82
D4:68:4D:3E:19:78	-82
D4:68:4D:3E:19:78	-84
D4:68:4D:3E:19:78	-84
D4:68:4D:3E:19:78	-84
D4:68:4D:3E:19:78	-84
D4:68:4D:3E:19:78	-85
D4:68:4D:3E:19:78	-85
D4:68:4D:3E:19:78	-85
D4:68:4D:3E:19:78	-86
D4:68:4D:3E:19:78	-86
D4:68:4D:3E:19:78	-110
D4:68:4D:3E:19:7C	-110
D4:68:4D:3E:19:7C	-110
D4:68:4D:3E:19:7C	-110
D4:68:4D:3E:19:7C	-110
D4:68:4D:3E:19:7C	-110
D4:68:4D:3E:19:7C	-110
D4:68:4D:3E:19:7C	-110
D4:68:4D:3E:19:7C	-110
D4:68:4D:3E:19:7C	-110
D4:68:4D:3E:19:7C	-110
D4:68:4D:3E:19:7C	-110
D4:68:4D:3E:19:7C	-110
D4:68:4D:3E:54:88	-110
D4:68:4D:3E:54:88	-110
D4:68:4D:3E:54:88	-110
D4:68:4D:3E:54:88	-110
D4:68:4D:3E:54:88	-110
D4:68:4D:3E:54:88	-110
D4:68:4D:3E:54:88	-110
D4:68:4D:3E:54:88	-110
D4:68:4D:3E:54:88	-110
D4:68:4D:3E:54:88	-110
D4:68:4D:3E:54:88	-110
D4:68:4D:3E:54:88	-110
D4:68:4D:3E:54:8C	-110
D4:68:4D:3E:54:8C	-110
D4:68:4D:3E:54:8C	-110
D4:68:4D:3E:54:8C	-110
D4:68:4D:3E:54:8C	-110
D4:68:4D:3E:54:8C	-110
D4:68:4D:3E:54:8C	-110
D4:68:4D:3E:54:8C	-110
D4:68:4D:3E:54:8C	-110
D4:68:4D:3E:54:8C	-110
D4:68:4D:3E:54:8C	-110
D4:68:4D:3E:54:8C	-110
D4:68:4D:3E:54:98	-64
D4:68:4D:3E:54:98	-65
D4:68:4D:3E:54:98	-65
D4:68:4D:3E:54:98	-66
D4:68:4D:3E:54:98	-66
D4:68:4D:3E:54:98	-66
D4:68:4D:3E:54:98	-66
D4:68:4D:3E:54:98	-66
D4:68:4D:3E:54:98	-66
D4:68:4D:3E:54:98	-67
D4:68:4D:3E:54:98	-68
D4:68:4D:3E:54:98	-69
D4:68:4D:3E:54:9C	-86
D4:68:4D:3E:54:9C	-86
D4:68:4D:3E:54:9C	-86
D4:68:4D:3E:54:9C	-87
D4:68:4D:3E:54:9C	-87
D4:68:4D:3E:54:9C	-87
D4:68:4D:3E:54:9C	-87
D4:68:4D:3E:54:9C	-87
D4:68:4D:3E:54:9C	-88
D4:68:4D:3E:54:9C	-88
D4:68:4D:3E:54:9C	-88
D4:68:4D:3E:54:9C	-88
D4:68:4D:3E:54:D8	-80
D4:68:4D:3E:54:D8	-80
D4:68:4D:3E:54:D8	-80
D4:68:4D:3E:54:D8	-80
D4:68:4D:3E:54:D8	-80
D4:68:4D:3E:54:D8	-80
D4:68:4D:3E:54:D8	-80
D4:68:4D:3E:54:D8	-80
D4:68:4D:3E:54:D8	-81
D4:68:4D:3E:54:D8	-81
D4:68:4D:3E:54:D8	-81
D4:68:4D:3E:54:D8	-81
D4:68:4D:3E:54:DC	-88
D4:68:4D:3E:54:DC	-88
D4:68:4D:3E:54:DC	-89
D4:68:4D:3E:54:DC	-89
D4:68:4D:3E:54:DC	-89
D4:68:4D:3E:54:DC	-89
D4:68:4D:3E:54:DC	-89
D4:68:4D:3E:54:DC	-89
D4:68:4D:3E:54:DC	-90
D4:68:4D:3E:54:DC	-90
D4:68:4D:3E:54:DC	-91
D4:68:4D:3E:54:DC	-91
D4:68:4D:3E:57:78	-110
D4:68:4D:3E:57:78	-110
D4:68:4D:3E:57:78	-110
D4:68:4D:3E:57:78	-110
D4:68:4D:3E:57:78	-110
D4:68:4D:3E:57:78	-110
D4:68:4D:3E:57:78	-110
D4:68:4D:3E:57:78	-110
D4:68:4D:3E:57:78	-110
D4:68:4D:3E:57:78	-110
D4:68:4D:3E:57:78	-110
D4:68:4D:3E:58:E8	-82
D4:68:4D:3E:58:E8	-84
D4:68:4D:3E:58:E8	-84
D4:68:4D:3E:58:E8	-84
D4:68:4D:3E:58:E8	-84
D4:68:4D:3E:58:E8	-85
D4:68:4D:3E:58:E8	-85
D4:68:4D:3E:58:E8	-85
D4:68:4D:3E:58:E8	-85
D4:68:4D:3E:58:E8	-110
D4:68:4D:3E:58:E8	-110
D4:68:4D:3E:58:EC	-110
D4:68:4D:3E:58:EC	-110
D4:68:4D:3E:58:EC	-110
D4:68:4D:3E:58:EC	-110
D4:68:4D:3E:58:EC	-110
D4:68:4D:3E:58:EC	-110
D4:68:4D:3E:58:EC	-110
D4:68:4D:3E:58:EC	-110
D4:68:4D:3E:58:EC	-110
D4:68:4D:3E:58:EC	-110
D4:68:4D:3E:58:EC	-110
D4:68:4D:3E:59:38	-87
D4:68:4D:3E:59:38	-87
D4:68:4D:3E:59:38	-87
D4:68:4D:3E:59:38	-87
D4:68:4D:3E:59:38	-110
D4:68:4D:3E:59:38	-110
D4:68:4D:3E:59:38	-110
D4:68:4D:3E:59:38	-110
D4:68:4D:3E:59:38	-110
D4:68:4D:3E:59:38	-110
D4:68:4D:3E:59:38	-110
D4:68:4D:3E:59:38	-110
D4:68:4D:3E:59:3C	-110
D4:68:4D:3E:59:3C	-110
D4:68:4D:3E:59:3C	-110
D4:68:4D:3E:59:3C	-110
D4:68:4D:3E:59:3C	-110
D4:68:4D:3E:59:3C	-110
D4:68:4D:3E:59:3C	-110
D4:68:4D:3E:59:3C	-110
D4:68:4D:3E:59:3C	-110
D4:68:4D:3E:59:3C	-110
D4:68:4D:3E:59:3C	-110
D4:68:4D:3E:59:3C	-110
D4:68:4D:3E:77:38	-88
D4:68:4D:3E:77:38	-88
D4:68:4D:3E:77:38	-88
D4:68:4D:3E:77:38	-88
D4:68:4D:3E:77:38	-110
D4:68:4D:3E:77:38	-110
D4:68:4D:3E:77:38	-110
D4:68:4D:3E:77:38	-110
D4:68:4D:3E:77:38	-110
D4:68:4D:3E:77:38	-110
D4:68:4D:3E:77:38	-110
D4:68:4D:3E:77:38	-110
D4:68:4D:3E:77:3C	-110
D4:68:4D:3E:77:3C	-110
D4:68:4D:3E:77:3C	-110
D4:68:4D:3E:77:3C	-110
D4:68:4D:3E:77:3C	-110
D4:68:4D:3E:77:3C	-110
D4:68:4D:3E:77:3C	-110
D4:68:4D:3E:77:3C	-110
D4:68:4D:3E:77:3C	-110
D4:68:4D:3E:77:3C	-110
D4:68:4D:3E:77:3C	-110
D4:68:4D:3E:77:3C	-110
D4:68:4D:3E:78:A8	-110
D4:68:4D:3E:78:A8	-110
D4:68:4D:3E:78:A8	-110
D4:68:4D:3E:78:A8	-110
D4:68:4D:3E:78:A8	-110
D4:68:4D:3E:78:A8	-110
D4:68:4D:3E:78:A8	-110
D4:68:4D:3E:78:A8	-110
D4:68:4D:3E:78:A8	-110
D4:68:4D:3E:78:A8	-110
D4:68:4D:3E:78:A8	-110
D4:68:4D:3E:81:88	-83
D4:68:4D:3E:81:88	-83
D4:68:4D:3E:81:88	-85
D4:68:4D:3E:81:88	-85
D4:68:4D:3E:81:88	-85
D4:68:4D:3E:81:88	-85
D4:68:4D:3E:81:88	-110
D4:68:4D:3E:81:88	-110
D4:68:4D:3E:81:88	-110
D4:68:4D:3E:81:88	-110
D4:68:4D:3E:81:88	-110
D4:68:4D:3E:81:88	-110
D4:68:4D:3E:81:8C	-110
D4:68:4D:3E:81:8C	-110
D4:68:4D:3E:81:8C	-110
D4:68:4D:3E:81:8C	-110
D4:68:4D:3E:81:8C	-110
D4:68:4D:3E:81:8C	-110
D4:68:4D:3E:81:8C	-110
D4:68:4D:3E:81:8C	-110
D4:68:4D:3E:81:8C	-110
D4:68:4D:3E:81:8C	-110
D4:68:4D:3E:81:8C	-110
D4:68:4D:3E:81:8C	-110
D4:68:4D:3E:81:98	-65
D4:68:4D:3E:81:98	-67
D4:68:4D:3E:81:98	-68
D4:68:4D:3E:81:98	-68
D4:68:4D:3E:81:98	-68
D4:68:4D:3E:81:98	-68
D4:68:4D:3E:81:98	-68
D4:68:4D:3E:81:98	-69
D4:68:4D:3E:81:98	-69
D4:68:4D:3E:81:98	-69
D4:68:4D:3E:81:98	-71
D4:68:4D:3E:81:98	-78
D4:68:4D:3E:81:9C	-72
D4:68:4D:3E:81:9C	-73
D4:68:4D:3E:81:9C	-75
D4:68:4D:3E:81:9C	-76
D4:68:4D:3E:81:9C	-76
D4:68:4D:3E:81:9C	-76
D4:68:4D:3E:81:9C	-76
D4:68:4D:3E:81:9C	-76
D4:68:4D:3E:81:9C	-76
D4:68:4D:3E:81:9C	-76
D4:68:4D:3E:81:9C	-76
D4:68:4D:3E:81:9C	-76
D4:68:4D:3E:81:A8	-47
D4:68:4D:3E:81:A8	-48
D4:68:4D:3E:81:A8	-48
D4:68:4D:3E:81:A8	-49
D4:68:4D:3E:81:A8	-49
D4:68:4D:3E:81:A8	-49
D4:68:4D:3E:81:A8	-49
D4:68:4D:3E:81:A8	-49
D4:68:4D:3E:81:A8	-49
D4:68:4D:3E:81:A8	-49
D4:68:4D:3E:81:A8	-49
D4:68:4D:3E:81:A8	-49
D4:68:4D:3E:81:AC	-66
D4:68:4D:3E:81:AC	-66
D4:68:4D:3E:81:AC	-66
D4:68:4D:3E:81:AC	-66
D4:68:4D:3E:81:AC	-66
D4:68:4D:3E:81:AC	-66
D4:68:4D:3E:81:AC	-66
D4:68:4D:3E:81:AC	-66
D4:68:4D:3E:81:AC	-67
D4:68:4D:3E:81:AC	-67
D4:68:4D:3E:81:AC	-67
D4:68:4D:3E:81:C8	-110
D4:68:4D:3E:81:C8	-110
D4:68:4D:3E:81:C8	-110
D4:68:4D:3E:81:C8	-110
D4:68:4D:3E:81:C8	-110
D4:68:4D:3E:81:C8	-110
D4:68:4D:3E:81:C8	-110
D4:68:4D:3E:81:C8	-110
D4:68:4D:3E:81:C8	-110
D4:68:4D:3E:81:C8	-110
D4:68:4D:3E:81:C8	-110
D4:68:4D:3E:81:C8	-110
D4:68:4D:3E:82:98	-59
D4:68:4D:3E:82:98	-59
D4:68:4D:3E:82:98	-60
D4:68:4D:3E:82:98	-60
D4:68:4D:3E:82:98	-60
D4:68:4D:3E:82:98	-61
D4:68:4D:3E:82:98	-61
D4:68:4D:3E:82:98	-61
D4:68:4D:3E:82:98	-61
D4:68:4D:3E:82:98	-62
D4:68:4D:3E:82:98	-62
D4:68:4D:3E:82:98	-64
D4:68:4D:3E:82:9C	-75
D4:68:4D:3E:82:9C	-75
D4:68:4D:3E:82:9C	-75
D4:68:4D:3E:82:9C	-75
D4:68:4D:3E:82:9C	-75
D4:68:4D:3E:82:9C	-76
D4:68:4D:3E:82:9C	-76
D4:68:4D:3E:82:9C	-76
D4:68:4D:3E:82:9C	-76
D4:68:4D:3E:82:9C	-76
D4:68:4D:3E:82:9C	-77
D4:68:4D:3E:82:9C	-78
D4:68:4D:3E:86:58	-110
D4:68:4D:3E:86:58	-110
D4:68:4D:3E:86:58	-110
D4:68:4D:3E:86:58	-110
D4:68:4D:3E:86:58	-110
D4:68:4D:3E:86:58	-110
D4:68:4D:3E:86:58	-110
D4:68:4D:3E:86:58	-110
D4:68:4D:3E:86:58	-110
D4:68:4D:3E:86:58	-110
D4:68:4D:3E:86:58	-110
D4:68:4D:3E:86:68	-110
D4:68:4D:3E:86:68	-110
D4:68:4D:3E:86:68	-110
D4:68:4D:3E:86:68	-110
D4:68:4D:3E:86:68	-110
D4:68:4D:3E:86:68	-110
D4:68:4D:3E:86:68	-110
D4:68:4D:3E:86:68	-110
D4:68:4D:3E:86:68	-110
D4:68:4D:3E:86:68	-110
D4:68:4D:3E:86:68	-110
D4:68:4D:3E:86:68	-110
D4:68:4D:3E:87:28	-110
D4:68:4D:3E:87:28	-110
D4:68:4D:3E:87:28	-110
D4:68:4D:3E:87:28	-110
D4:68:4D:3E:87:28	-110
D4:68:4D:3E:87:28	-110
D4:68:4D:3E:87:28	-110
D4:68:4D:3E:87:28	-110
D4:68:4D:3E:87:28	-110
D4:68:4D:3E:87:28	-110
D4:68:4D:3E:87:28	-110
D4:68:4D:3E:87:28	-110
D4:68:4D:3E:87:F8	-74
D4:68:4D:3E:87:F8	-74
D4:68:4D:3E:87:F8	-74
D4:68:4D:3E:87:F8	-74
D4:68:4D:3E:87:F8	-74
D4:68:4D:3E:87:F8	-75
D4:68:4D:3E:87:F8	-75
D4:68:4D:3E:87:F8	-75
D4:68:4D:3E:87:F8	-76
D4:68:4D:3E:87:F8	-76
D4:68:4D:3E:87:F8	-78
D4:68:4D:3E:87:F8	-78
D4:68:4D:3E:87:FC	-87
D4:68:4D:3E:87:FC	-87
D4:68:4D:3E:87:FC	-87
D4:68:4D:3E:87:FC	-87
D4:68:4D:3E:87:FC	-87
D4:68:4D:3E:87:FC	-87
D4:68:4D:3E:87:FC	-87
D4:68:4D:3E:87:FC	-110
D4:68:4D:3E:87:FC	-110
D4:68:4D:3E:87:FC	-110
D4:68:4D:3E:87:FC	-110
D4:68:4D:3E:87:FC	-110
D4:68:4D:3E:89:58	-110
D4:68:4D:3E:89:58	-110
D4:68:4D:3E:89:58	-110
D4:68:4D:3E:89:58	-110
D4:68:4D:3E:89:58	-110
D4:68:4D:3E:89:58	-110
D4:68:4D:3E:89:58	-110
D4:68:4D:3E:89:58	-110
D4:68:4D:3E:89:58	-110
D4:68:4D:3E:89:58	-110
D4:68:4D:3E:89:58	-110
D4:68:4D:3E:89:58	-110
D4:68:4D:3E:8A:68	-33
D4:68:4D:3E:8A:68	-34
D4:68:4D:3E:8A:68	-34
D4:68:4D:3E:8A:68	-34
D4:68:4D:3E:8A:68	-34
D4:68:4D:3E:8A:68	-34
D4:68:4D:3E:8A:68	-35
D4:68:4D:3E:8A:68	-35
D4:68:4D:3E:8A:68	-35
D4:68:4D:3E:8A:68	-35
D4:68:4D:3E:8A:68	-35
D4:68:4D:3E:8A:68	-36
D4:68:4D:3E:8A:6C	-54
D4:68:4D:3E:8A:6C	-56
D4:68:4D:3E:8A:6C	-56
D4:68:4D:3E:8A:6C	-56
D4:68:4D:3E:8A:6C	-56
D4:68:4D:3E:8A:6C	-56
D4:68:4D:3E:8A:6C	-56
D4:68:4D:3E:8A:6C	-56
D4:68:4D:3E:8A:6C	-56
D4:68:4D:3E:8A:6C	-56
D4:68:4D:3E:8A:6C	-56
D4:68:4D:3E:8A:6C	-57
D4:68:4D:3E:8B:48	-110
D4:68:4D:3E:8B:48	-110
D4:68:4D:3E:8B:48	-110
D4:68:4D:3E:8B:48	-110
D4:68:4D:3E:8B:48	-110
D4:68:4D:3E:8B:48	-110
D4:68:4D:3E:8B:48	-110
D4:68:4D:3E:8B:48	-110
D4:68:4D:3E:8B:48	-110
D4:68:4D:3E:8B:48	-110
D4:68:4D:3E:8B:48	-110
D4:68:4D:3E:8B:4C	-110
D4:68:4D:3E:8B:4C	-110
D4:68:4D:3E:8B:4C	-110
D4:68:4D:3E:8B:4C	-110
D4:68:4D:3E:8B:4C	-110
D4:68:4D:3E:8B:4C	-110
D4:68:4D:3E:8B:4C	-110
D4:68:4D:3E:8B:4C	-110
D4:68:4D:3E:8B:4C	-110
D4:68:4D:3E:8B:4C	-110
D4:68:4D:3E:8B:4C	-110
D4:68:4D:3E:8B:4C	-110
D4:68:4D:3E:8C:88	-72
D4:68:4D:3E:8C:88	-72
D4:68:4D:3E:8C:88	-73
D4:68:4D:3E:8C:88	-73
D4:68:4D:3E:8C:88	-73
D4:68:4D:3E:8C:88	-74
D4:68:4D:3E:8C:88	-74
D4:68:4D:3E:8C:88	-74
D4:68:4D:3E:8C:88	-74
D4:68:4D:3E:8C:88	-75
D4:68:4D:3E:8C:88	-75
D4:68:4D:3E:8C:88	-75
D4:68:4D:3E:8C:8C	-110
D4:68:4D:3E:8C:8C	-110
D4:68:4D:3E:8C:8C	-110
D4:68:4D:3E:8C:8C	-110
D4:68:4D:3E:8C:8C	-110
D4:68:4D:3E:8C:8C	-110
D4:68:4D:3E:8C:8C	-110
D4:68:4D:3E:8C:8C	-110
D4:68:4D:3E:8C:8C	-110
D4:68:4D:3E:8C:8C	-110
D4:68:4D:3E:8C:8C	-110
D4:68:4D:3E:8C:8C	-110
D4:68:4D:3E:8E:38	-110
D4:68:4D:3E:8E:38	-110
D4:68:4D:3E:8E:38	-110
D4:68:4D:3E:8E:38	-110
D4:68:4D:3E:8E:38	-110
D4:68:4D:3E:8E:38	-110
D4:68:4D:3E:8E:38	-110
D4:68:4D:3E:8E:38	-110
D4:68:4D:3E:8E:38	-110
D4:68:4D:3E:8E:38	-110
D4:68:4D:3E:8E:38	-110
D4:68:4D:3E:8E:88	-70
D4:68:4D:3E:8E:88	-72
D4:68:4D:3E:8E:88	-73
D4:68:4D:3E:8E:88	-73
D4:68:4D:3E:8E:88	-73
D4:68:4D:3E:8E:88	-73
D4:68:4D:3E:8E:88	-73
D4:68:4D:3E:8E:88	-73
D4:68:4D:3E:8E:88	-73
D4:68:4D:3E:8E:88	-74
D4:68:4D:3E:8E:88	-74
D4:68:4D:3E:8E:8C	-90
D4:68:4D:3E:8E:8C	-90
D4:68:4D:3E:8E:8C	-90
D4:68:4D:3E:8E:8C	-90
D4:68:4D:3E:8E:8C	-90
D4:68:4D:3E:8E:8C	-90
D4:68:4D:3E:8E:8C	-90
D4:68:4D:3E:8E:8C	-90
D4:68:4D:3E:8E:8C	-90
D4:68:4D:3E:8E:8C	-90
D4:68:4D:3E:8E:8C	-90
D4:68:4D:3E:91:D8	-52
D4:68:4D:3E:91:D8	-53
D4:68:4D:3E:91:D8	-53
D4:68:4D:3E:91:D8	-53
D4:68:4D:3E:91:D8	-53
D4:68:4D:3E:91:D8	-53
D4:68:4D:3E:91:D8	-53
D4:68:4D:3E:91:D8	-53
D4:68:4D:3E:91:D8	-54
D4:68:4D:3E:91:D8	-54
D4:68:4D:3E:91:D8	-76
D4:68:4D:3E:91:D8	-77
D4:68:4D:3E:91:DC	-70
D4:68:4D:3E:91:DC	-71
D4:68:4D:3E:91:DC	-71
D4:68:4D:3E:91:DC	-71
D4:68:4D:3E:91:DC	-71
D4:68:4D:3E:91:DC	-71
D4:68:4D:3E:91:DC	-71
D4:68:4D:3E:91:DC	-71
D4:68:4D:3E:91:DC	-72
D4:68:4D:3E:91:DC	-72
D4:68:4D:3E:91:DC	-72
D4:68:4D:3E:91:DC	-72
D4:68:4D:3E:A1:C8	-110
D4:68:4D:3E:A1:C8	-110
D4:68:4D:3E:A1:C8	-110
D4:68:4D:3E:A1:C8	-110
D4:68:4D:3E:A1:C8	-110
D4:68:4D:3E:A1:C8	-110
D4:68:4D:3E:A1:C8	-110
D4:68:4D:3E:A1:C8	-110
D4:68:4D:3E:A1:C8	-110
D4:68:4D:3E:A1:C8	-110
D4:68:4D:3E:A1:C8	-110
D4:68:4D:3E:A3:08	-66
D4:68:4D:3E:A3:08	-66
D4:68:4D:3E:A3:08	-67
D4:68:4D:3E:A3:08	-67
D4:68:4D:3E:A3:08	-67
D4:68:4D:3E:A3:08	-67
D4:68:4D:3E:A3:08	-67
D4:68:4D:3E:A3:08	-68
D4:68:4D:3E:A3:08	-68
D4:68:4D:3E:A3:08	-68
D4:68:4D:3E:A3:08	-68
D4:68:4D:3E:A3:08	-69
D4:68:4D:3E:A3:0C	-110
D4:68:4D:3E:A3:0C	-110
D4:68:4D:3E:A3:0C	-110
D4:68:4D:3E:A3:0C	-110
D4:68:4D:3E:A3:0C	-110
D4:68:4D:3E:A3:0C	-110
D4:68:4D:3E:A3:0C	-110
D4:68:4D:3E:A3:0C	-110
D4:68:4D:3E:A3:0C	-110
D4:68:4D:3E:A3:0C	-110
D4:68:4D:3E:A3:0C	-110
D4:68:4D:3E:A3:0C	-110
D4:68:4D:3E:A3:C8	-86
D4:68:4D:3E:A3:C8	-86
D4:68:4D:3E:A3:C8	-86
D4:68:4D:3E:A3:C8	-86
D4:68:4D:3E:A3:C8	-86
D4:68:4D:3E:A3:C8	-86
D4:68:4D:3E:A3:C8	-86
D4:68:4D:3E:A3:C8	-86
D4:68:4D:3E:A3:C8	-87
D4:68:4D:3E:A3:C8	-87
D4:68:4D:3E:A3:C8	-87
D4:68:4D:3E:A3:C8	-87
D4:68:4D:3E:A4:28	-52
D4:68:4D:3E:A4:28	-53
D4:68:4D:3E:A4:28	-53
D4:68:4D:3E:A4:28	-53
D4:68:4D:3E:A4:28	-53
D4:68:4D:3E:A4:28	-53
D4:68:4D:3E:A4:28	-53
D4:68:4D:3E:A4:28	-53
D4:68:4D:3E:A4:28	-54
D4:68:4D:3E:A4:28	-54
D4:68:4D:3E:A4:28	-54
D4:68:4D:3E:A4:28	-62
D4:68:4D:3E:A4:2C	-110
D4:68:4D:3E:A4:2C	-110
D4:68:4D:3E:A4:2C	-110
D4:68:4D:3E:A4:2C	-110
D4:68:4D:3E:A4:2C	-110
D4:68:4D:3E:A4:2C	-110
D4:68:4D:3E:A4:2C	-110
D4:68:4D:3E:A4:2C	-110
D4:68:4D:3E:A4:2C	-110
D4:68:4D:3E:A4:2C	-110
D4:68:4D:3E:A4:2C	-110
D4:68:4D:3E:A4:2C	-110
D4:68:4D:3E:A5:08	-87
D4:68:4D:3E:A5:08	-87
D4:68:4D:3E:A5:08	-88
D4:68:4D:3E:A5:08	-88
D4:68:4D:3E:A5:08	-88
D4:68:4D:3E:A5:08	-88
D4:68:4D:3E:A5:08	-89
D4:68:4D:3E:A5:08	-89
D4:68:4D:3E:A5:08	-89
D4:68:4D:3E:A5:08	-89
D4:68:4D:3E:A5:08	-110
D4:68:4D:3E:A6:38	-60
D4:68:4D:3E:A6:38	-60
D4:68:4D:3E:A6:38	-60
D4:68:4D:3E:A6:38	-60
D4:68:4D:3E:A6:38	-60
D4:68:4D:3E:A6:38	-60
D4:68:4D:3E:A6:38	-61
D4:68:4D:3E:A6:38	-61
D4:68:4D:3E:A6:38	-61
D4:68:4D:3E:A6:38	-61
D4:68:4D:3E:A6:38	-62
D4:68:4D:3E:A6:3C	-88
D4:68:4D:3E:A6:3C	-88
D4:68:4D:3E:A6:3C	-88
D4:68:4D:3E:A6:3C	-88
D4:68:4D:3E:A6:3C	-110
D4:68:4D:3E:A6:3C	-110
D4:68:4D:3E:A6:3C	-110
D4:68:4D:3E:A6:3C	-110
D4:68:4D:3E:A6:3C	-110
D4:68:4D:3E:A6:3C	-110
D4:68:4D:3E:A6:3C	-110
D4:68:4D:3E:A6:88	-110
D4:68:4D:3E:A6:88	-110
D4:68:4D:3E:A6:88	-110
D4:68:4D:3E:A6:88	-110
D4:68:4D:3E:A6:88	-110
D4:68:4D:3E:A6:88	-110
D4:68:4D:3E:A6:88	-110
D4:68:4D:3E:A6:88	-110
D4:68:4D:3E:A6:88	-110
D4:68:4D:3E:A6:88	-110
D4:68:4D:3E:A6:88	-110
D4:68:4D:3E:A6:88	-110
D4:68:4D:3E:A6:8C	-110
D4:68:4D:3E:A6:8C	-110
D4:68:4D:3E:A6:8C	-110
D4:68:4D:3E:A6:8C	-110
D4:68:4D:3E:A6:8C	-110
D4:68:4D:3E:A6:8C	-110
D4:68:4D:3E:A6:8C	-110
D4:68:4D:3E:A6:8C	-110
D4:68:4D:3E:A6:8C	-110
D4:68:4D:3E:A6:8C	-110
D4:68:4D:3E:A6:8C	-110
D4:68:4D:3E:A6:8C	-110
D4:68:4D:3E:A7:B8	-88
D4:68:4D:3E:A7:B8	-88
D4:68:4D:3E:A7:B8	-88
D4:68:4D:3E:A7:B8	-88
D4:68:4D:3E:A7:B8	-110
D4:68:4D:3E:A7:B8	-110
D4:68:4D:3E:A7:B8	-110
D4:68:4D:3E:A7:B8	-110
D4:68:4D:3E:A7:B8	-110
D4:68:4D:3E:A7:B8	-110
D4:68:4D:3E:A7:B8	-110
D4:68:4D:3E:A7:B8	-110
00:1E:4A:8F:F5:D0	-110
00:1E:4A:8F:F5:D0	-110
00:1E:4A:8F:F5:D0	-110
00:1E:4A:8F:F5:D0	-110
00:1E:4A:8F:F5:D0	-110
00:1E:4A:8F:F5:D0	-110
00:1E:4A:8F:F5:D0	-110
00:1E:4A:8F:F5:D0	-110
00:1E:4A:8F:F5:D0	-110
00:1E:4A:8F:F5:D0	-110
00:1E:4A:8F:F5:D0	-110
00:1E:4A:8F:FE:30	-68
00:1E:4A:8F:FE:30	-71
00:1E:4A:8F:FE:30	-71
00:1E:4A:8F:FE:30	-71
00:1E:4A:8F:FE:30	-71
00:1E:4A:8F:FE:30	-71
00:1E:4A:8F:FE:30	-71
00:1E:4A:8F:FE:30	-71
00:1E:4A:8F:FE:30	-78
00:1E:4A:8F:FE:30	-78
00:1E:4A:8F:FE:30	-110
00:1E:4A:90:00:20	-59
00:1E:4A:90:00:20	-60
00:1E:4A:90:00:20	-60
00:1E:4A:90:00:20	-61
00:1E:4A:90:00:20	-61
00:1E:4A:90:00:20	-61
00:1E:4A:90:00:20	-62
00:1E:4A:90:00:20	-62
00:1E:4A:90:00:20	-62
00:1E:4A:90:00:20	-62
00:1E:4A:90:00:20	-62
00:1E:4A:90:01:70	-76
00:1E:4A:90:01:70	-76
00:1E:4A:90:01:70	-76
00:1E:4A:90:01:70	-76
00:1E:4A:90:01:70	-76
00:1E:4A:90:01:70	-76
00:1E:4A:90:01:70	-76
00:1E:4A:90:01:70	-76
00:1E:4A:90:01:70	-76
00:1E:4A:90:01:70	-76
00:1E:4A:90:01:70	-76
00:1E:4A:90:04:30	-84
00:1E:4A:90:04:30	-84
00:1E:4A:90:04:30	-84
00:1E:4A:90:04:30	-84
00:1E:4A:90:04:30	-85
00:1E:4A:90:04:30	-110
00:1E:4A:90:04:30	-110
00:1E:4A:90:04:30	-110
00:1E:4A:90:04:30	-110
00:1E:4A:90:04:30	-110
00:1E:4A:90:04:30	-110
00:22:6B:47:B8:32	-76
00:22:6B:47:B8:32	-77
00:22:6B:47:B8:32	-77
00:22:6B:47:B8:32	-77
00:22:6B:47:B8:32	-78
00:22:6B:47:B8:32	-78
00:22:6B:47:B8:32	-78
00:22:6B:47:B8:32	-78
00:22:6B:47:B8:32	-79
00:22:6B:47:B8:32	-83
00:22:6B:47:B8:32	-84
2C:E6:CC:1A:CB:D8	-58
2C:E6:CC:1A:CB:D8	-58
2C:E6:CC:1A:CB:D8	-58
2C:E6:CC:1A:CB:D8	-58
2C:E6:CC:1A:CB:D8	-58
2C:E6:CC:1A:CB:D8	-58
2C:E6:CC:1A:CB:D8	-58
2C:E6:CC:1A:CB:D8	-58
2C:E6:CC:1A:CB:D8	-110
2C:E6:CC:1A:CB:D8	-110
2C:E6:CC:1A:CB:D8	-110
42:49:0F:9A:96:50	-78
42:49:0F:9A:96:50	-79
42:49:0F:9A:96:50	-80
42:49:0F:9A:96:50	-80
42:49:0F:9A:96:50	-80
42:49:0F:9A:96:50	-80
42:49:0F:9A:96:50	-80
42:49:0F:9A:96:50	-85
42:49:0F:9A:96:50	-85
42:49:0F:9A:96:50	-87
42:49:0F:9A:96:50	-88
44:1C:A8:0F:72:9E	-79
44:1C:A8:0F:72:9E	-79
44:1C:A8:0F:72:9E	-79
44:1C:A8:0F:72:9E	-81
44:1C:A8:0F:72:9E	-81
44:1C:A8:0F:72:9E	-81
44:1C:A8:0F:72:9E	-81
44:1C:A8:0F:72:9E	-82
44:1C:A8:0F:72:9E	-110
44:1C:A8:0F:72:9E	-110
44:1C:A8:0F:72:9E	-110
58:93:96:08:4A:18	-70
58:93:96:08:4A:18	-72
58:93:96:08:4A:18	-73
58:93:96:08:4A:18	-74
58:93:96:08:4A:18	-75
58:93:96:08:4A:18	-75
58:93:96:08:4A:18	-75
58:93:96:08:4A:18	-77
58:93:96:08:4A:18	-79
58:93:96:08:4A:18	-79
58:93:96:08:4A:18	-110
6C:AA:B3:32:24:68	-110
6C:AA:B3:32:24:68	-110
6C:AA:B3:32:24:68	-110
6C:AA:B3:32:24:68	-110
6C:AA:B3:32:24:68	-110
6C:AA:B3:32:24:68	-110
6C:AA:B3:32:24:68	-110
6C:AA:B3:32:24:68	-110
6C:AA:B3:32:24:68	-110
6C:AA:B3:32:24:68	-110
6C:AA:B3:32:24:68	-110
6C:AA:B3:32:31:C8	-110
6C:AA:B3:32:31:C8	-110
6C:AA:B3:32:31:C8	-110
6C:AA:B3:32:31:C8	-110
6C:AA:B3:32:31:C8	-110
6C:AA:B3:32:31:C8	-110
6C:AA:B3:32:31:C8	-110
6C:AA:B3:32:31:C8	-110
6C:AA:B3:32:31:C8	-110
6C:AA:B3:32:31:C8	-110
6C:AA:B3:32:31:C8	-110
6C:AA:B3:72:31:C8	-110
6C:AA:B3:72:31:C8	-110
6C:AA:B3:72:31:C8	-110
6C:AA:B3:72:31:C8	-110
6C:AA:B3:72:31:C8	-110
6C:AA:B3:72:31:C8	-110
6C:AA:B3:72:31:C8	-110
6C:AA:B3:72:31:C8	-110
6C:AA:B3:72:31:C8	-110
6C:AA:B3:72:31:C8	-110
6C:AA:B3:72:31:C8	-110
94:65:2D:F0:6E:01	-110
94:65:2D:F0:6E:01	-110
94:65:2D:F0:6E:01	-110
94:65:2D:F0:6E:01	-110
94:65:2D:F0:6E:01	-110
94:65:2D:F0:6E:01	-110
94:65:2D:F0:6E:01	-110
94:65:2D:F0:6E:01	-110
94:65:2D:F0:6E:01	-110
94:65:2D:F0:6E:01	-110
94:65:2D:F0:6E:01	-110
94:F6:65:1D:EC:D8	-110
94:F6:65:1D:EC:D8	-110
94:F6:65:1D:EC:D8	-110
94:F6:65:1D:EC:D8	-110
94:F6:65:1D:EC:D8	-110
94:F6:65:1D:EC:D8	-110
94:F6:65:1D:EC:D8	-110
94:F6:65:1D:EC:D8	-110
94:F6:65:1D:EC:D8	-110
94:F6:65:1D:EC:D8	-110
94:F6:65:1D:EC:D8	-110
D4:68:4D:3E:19:78	-75
D4:68:4D:3E:19:78	-76
D4:68:4D:3E:19:78	-76
D4:68:4D:3E:19:78	-76
D4:68:4D:3E:19:78	-76
D4:68:4D:3E:19:78	-77
D4:68:4D:3E:19:78	-77
D4:68:4D:3E:19:78	-77
D4:68:4D:3E:19:78	-78
D4:68:4D:3E:19:78	-78
D4:68:4D:3E:19:78	-110
D4:68:4D:3E:19:7C	-110
D4:68:4D:3E:19:7C	-110
D4:68:4D:3E:19:7C	-110
D4:68:4D:3E:19:7C	-110
D4:68:4D:3E:19:7C	-110
D4:68:4D:3E:19:7C	-110
D4:68:4D:3E:19:7C	-110
D4:68:4D:3E:19:7C	-110
D4:68:4D:3E:19:7C	-110
D4:68:4D:3E:19:7C	-110
D4:68:4D:3E:19:7C	-110
D4:68:4D:3E:54:88	-110
D4:68:4D:3E:54:88	-110
D4:68:4D:3E:54:88	-110
D4:68:4D:3E:54:88	-110
D4:68:4D:3E:54:88	-110
D4:68:4D:3E:54:88	-110
D4:68:4D:3E:54:88	-110
D4:68:4D:3E:54:88	-110
D4:68:4D:3E:54:88	-110
D4:68:4D:3E:54:88	-110
D4:68:4D:3E:54:88	-110
D4:68:4D:3E:54:8C	-110
D4:68:4D:3E:54:8C	-110
D4:68:4D:3E:54:8C	-110
D4:68:4D:3E:54:8C	-110
D4:68:4D:3E:54:8C	-110
D4:68:4D:3E:54:8C	-110
D4:68:4D:3E:54:8C	-110
D4:68:4D:3E:54:8C	-110
D4:68:4D:3E:54:8C	-110
D4:68:4D:3E:54:8C	-110
D4:68:4D:3E:54:8C	-110
D4:68:4D:3E:54:98	-68
D4:68:4D:3E:54:98	-68
D4:68:4D:3E:54:98	-68
D4:68:4D:3E:54:98	-68
D4:68:4D:3E:54:98	-69
D4:68:4D:3E:54:98	-69
D4:68:4D:3E:54:98	-69
D4:68:4D:3E:54:98	-69
D4:68:4D:3E:54:98	-69
D4:68:4D:3E:54:98	-70
D4:68:4D:3E:54:98	-70
D4:68:4D:3E:54:9C	-86
D4:68:4D:3E:54:9C	-87
D4:68:4D:3E:54:9C	-87
D4:68:4D:3E:54:9C	-88
D4:68:4D:3E:54:9C	-110
D4:68:4D:3E:54:9C	-110
D4:68:4D:3E:54:9C	-110
D4:68:4D:3E:54:9C	-110
D4:68:4D:3E:54:9C	-110
D4:68:4D:3E:54:9C	-110
D4:68:4D:3E:54:9C	-110
D4:68:4D:3E:54:D8	-78
D4:68:4D:3E:54:D8	-78
D4:68:4D:3E:54:D8	-78
D4:68:4D:3E:54:D8	-78
D4:68:4D:3E:54:D8	-78
D4:68:4D:3E:54:D8	-78
D4:68:4D:3E:54:D8	-79
D4:68:4D:3E:54:D8	-79
D4:68:4D:3E:54:D8	-79
D4:68:4D:3E:54:D8	-79
D4:68:4D:3E:54:D8	-84
D4:68:4D:3E:54:DC	-110
D4:68:4D:3E:54:DC	-110
D4:68:4D:3E:54:DC	-110
D4:68:4D:3E:54:DC	-110
D4:68:4D:3E:54:DC	-110
D4:68:4D:3E:54:DC	-110
D4:68:4D:3E:54:DC	-110
D4:68:4D:3E:54:DC	-110
D4:68:4D:3E:54:DC	-110
D4:68:4D:3E:54:DC	-110
D4:68:4D:3E:54:DC	-110
D4:68:4D:3E:57:78	-110
D4:68:4D:3E:57:78	-110
D4:68:4D:3E:57:78	-110
D4:68:4D:3E:57:78	-110
D4:68:4D:3E:57:78	-110
D4:68:4D:3E:57:78	-110
D4:68:4D:3E:57:78	-110
D4:68:4D:3E:57:78	-110
D4:68:4D:3E:57:78	-110
D4:68:4D:3E:57:78	-110
D4:68:4D:3E:57:78	-110
D4:68:4D:3E:58:E8	-70
D4:68:4D:3E:58:E8	-70
D4:68:4D:3E:58:E8	-70
D4:68:4D:3E:58:E8	-70
D4:68:4D:3E:58:E8	-71
D4:68:4D:3E:58:E8	-71
D4:68:4D:3E:58:E8	-71
D4:68:4D:3E:58:E8	-71
D4:68:4D:3E:58:E8	-71
D4:68:4D:3E:58:E8	-71
D4:68:4D:3E:58:E8	-71
D4:68:4D:3E:58:EC	-110
D4:68:4D:3E:58:EC	-110
D4:68:4D:3E:58:EC	-110
D4:68:4D:3E:58:EC	-110
D4:68:4D:3E:58:EC	-110
D4:68:4D:3E:58:EC	-110
D4:68:4D:3E:58:EC	-110
D4:68:4D:3E:58:EC	-110
D4:68:4D:3E:58:EC	-110
D4:68:4D:3E:58:EC	-110
D4:68:4D:3E:58:EC	-110
D4:68:4D:3E:59:38	-74
D4:68:4D:3E:59:38	-74
D4:68:4D:3E:59:38	-74
D4:68:4D:3E:59:38	-75
D4:68:4D:3E:59:38	-75
D4:68:4D:3E:59:38	-75
D4:68:4D:3E:59:38	-75
D4:68:4D:3E:59:38	-75
D4:68:4D:3E:59:38	-75
D4:68:4D:3E:59:38	-75
D4:68:4D:3E:59:38	-76
D4:68:4D:3E:59:3C	-110
D4:68:4D:3E:59:3C	-110
D4:68:4D:3E:59:3C	-110
D4:68:4D:3E:59:3C	-110
D4:68:4D:3E:59:3C	-110
D4:68:4D:3E:59:3C	-110
D4:68:4D:3E:59:3C	-110
D4:68:4D:3E:59:3C	-110
D4:68:4D:3E:59:3C	-110
D4:68:4D:3E:59:3C	-110
D4:68:4D:3E:59:3C	-110
D4:68:4D:3E:77:38	-84
D4:68:4D:3E:77:38	-85
D4:68:4D:3E:77:38	-85
D4:68:4D:3E:77:38	-85
D4:68:4D:3E:77:38	-85
D4:68:4D:3E:77:38	-85
D4:68:4D:3E:77:38	-85
D4:68:4D:3E:77:38	-86
D4:68:4D:3E:77:38	-86
D4:68:4D:3E:77:38	-86
D4:68:4D:3E:77:38	-86
D4:68:4D:3E:77:3C	-110
D4:68:4D:3E:77:3C	-110
D4:68:4D:3E:77:3C	-110
D4:68:4D:3E:77:3C	-110
D4:68:4D:3E:77:3C	-110
D4:68:4D:3E:77:3C	-110
D4:68:4D:3E:77:3C	-110
D4:68:4D:3E:77:3C	-110
D4:68:4D:3E:77:3C	-110
D4:68:4D:3E:77:3C	-110
D4:68:4D:3E:77:3C	-110
D4:68:4D:3E:81:88	-79
D4:68:4D:3E:81:88	-79
D4:68:4D:3E:81:88	-79
D4:68:4D:3E:81:88	-79
D4:68:4D:3E:81:88	-79
D4:68:4D:3E:81:88	-79
D4:68:4D:3E:81:88	-79
D4:68:4D:3E:81:88	-80
D4:68:4D:3E:81:88	-80
D4:68:4D:3E:81:88	-82
D4:68:4D:3E:81:88	-82
D4:68:4D:3E:81:8C	-110
D4:68:4D:3E:81:8C	-110
D4:68:4D:3E:81:8C	-110
D4:68:4D:3E:81:8C	-110
D4:68:4D:3E:81:8C	-110
D4:68:4D:3E:81:8C	-110
D4:68:4D:3E:81:8C	-110
D4:68:4D:3E:81:8C	-110
D4:68:4D:3E:81:8C	-110
D4:68:4D:3E:81:8C	-110
D4:68:4D:3E:81:8C	-110
D4:68:4D:3E:81:98	-61
D4:68:4D:3E:81:98	-61
D4:68:4D:3E:81:98	-61
D4:68:4D:3E:81:98	-61
D4:68:4D:3E:81:98	-61
D4:68:4D:3E:81:98	-61
D4:68:4D:3E:81:98	-61
D4:68:4D:3E:81:98	-61
D4:68:4D:3E:81:98	-62
D4:68:4D:3E:81:98	-62
D4:68:4D:3E:81:98	-62
D4:68:4D:3E:81:9C	-68
D4:68:4D:3E:81:9C	-71
D4:68:4D:3E:81:9C	-71
D4:68:4D:3E:81:9C	-72
D4:68:4D:3E:81:9C	-72
D4:68:4D:3E:81:9C	-72
D4:68:4D:3E:81:9C	-72
D4:68:4D:3E:81:9C	-72
D4:68:4D:3E:81:9C	-72
D4:68:4D:3E:81:9C	-72
D4:68:4D:3E:81:9C	-72
D4:68:4D:3E:81:A8	-42
D4:68:4D:3E:81:A8	-43
D4:68:4D:3E:81:A8	-43
D4:68:4D:3E:81:A8	-43
D4:68:4D:3E:81:A8	-43
D4:68:4D:3E:81:A8	-43
D4:68:4D:3E:81:A8	-43
D4:68:4D:3E:81:A8	-43
D4:68:4D:3E:81:A8	-43
D4:68:4D:3E:81:A8	-43
D4:68:4D:3E:81:A8	-43
D4:68:4D:3E:81:AC	-66
D4:68:4D:3E:81:AC	-67
D4:68:4D:3E:81:AC	-67
D4:68:4D:3E:81:AC	-67
D4:68:4D:3E:81:AC	-67
D4:68:4D:3E:81:AC	-67
D4:68:4D:3E:81:AC	-67
D4:68:4D:3E:81:AC	-67
D4:68:4D:3E:81:AC	-67
D4:68:4D:3E:81:AC	-68
D4:68:4D:3E:81:AC	-68
D4:68:4D:3E:81:C8	-110
D4:68:4D:3E:81:C8	-110
D4:68:4D:3E:81:C8	-110
D4:68:4D:3E:81:C8	-110
D4:68:4D:3E:81:C8	-110
D4:68:4D:3E:81:C8	-110
D4:68:4D:3E:81:C8	-110
D4:68:4D:3E:81:C8	-110
D4:68:4D:3E:81:C8	-110
D4:68:4D:3E:81:C8	-110
D4:68:4D:3E:81:C8	-110
D4:68:4D:3E:82:98	-62
D4:68:4D:3E:82:98	-62
D4:68:4D:3E:82:98	-63
D4:68:4D:3E:82:98	-64
D4:68:4D:3E:82:98	-64
D4:68:4D:3E:82:98	-64
D4:68:4D:3E:82:98	-64
D4:68:4D:3E:82:98	-64
D4:68:4D:3E:82:98	-64
D4:68:4D:3E:82:98	-70
D4:68:4D:3E:82:98	-79
D4:68:4D:3E:82:9C	-66
D4:68:4D:3E:82:9C	-66
D4:68:4D:3E:82:9C	-66
D4:68:4D:3E:82:9C	-66
D4:68:4D:3E:82:9C	-66
D4:68:4D:3E:82:9C	-66
D4:68:4D:3E:82:9C	-66
D4:68:4D:3E:82:9C	-67
D4:68:4D:3E:82:9C	-67
D4:68:4D:3E:82:9C	-67
D4:68:4D:3E:82:9C	-67
D4:68:4D:3E:86:68	-110
D4:68:4D:3E:86:68	-110
D4:68:4D:3E:86:68	-110
D4:68:4D:3E:86:68	-110
D4:68:4D:3E:86:68	-110
D4:68:4D:3E:86:68	-110
D4:68:4D:3E:86:68	-110
D4:68:4D:3E:86:68	-110
D4:68:4D:3E:86:68	-110
D4:68:4D:3E:86:68	-110
D4:68:4D:3E:86:68	-110
D4:68:4D:3E:87:28	-110
D4:68:4D:3E:87:28	-110
D4:68:4D:3E:87:28	-110
D4:68:4D:3E:87:28	-110
D4:68:4D:3E:87:28	-110
D4:68:4D:3E:87:28	-110
D4:68:4D:3E:87:28	-110
D4:68:4D:3E:87:28	-110
D4:68:4D:3E:87:28	-110
D4:68:4D:3E:87:28	-110
D4:68:4D:3E:87:28	-110
D4:68:4D:3E:87:F8	-72
D4:68:4D:3E:87:F8	-72
D4:68:4D:3E:87:F8	-73
D4:68:4D:3E:87:F8	-75
D4:68:4D:3E:87:F8	-75
D4:68:4D:3E:87:F8	-77
D4:68:4D:3E:87:F8	-78
D4:68:4D:3E:87:F8	-78
D4:68:4D:3E:87:F8	-78
D4:68:4D:3E:87:F8	-79
D4:68:4D:3E:87:F8	-79
D4:68:4D:3E:87:FC	-81
D4:68:4D:3E:87:FC	-83
D4:68:4D:3E:87:FC	-83
D4:68:4D:3E:87:FC	-83
D4:68:4D:3E:87:FC	-83
D4:68:4D:3E:87:FC	-83
D4:68:4D:3E:87:FC	-84
D4:68:4D:3E:87:FC	-84
D4:68:4D:3E:87:FC	-85
D4:68:4D:3E:87:FC	-85
D4:68:4D:3E:87:FC	-85
D4:68:4D:3E:89:58	-110
D4:68:4D:3E:89:58	-110
D4:68:4D:3E:89:58	-110
D4:68:4D:3E:89:58	-110
D4:68:4D:3E:89:58	-110
D4:68:4D:3E:89:58	-110
D4:68:4D:3E:89:58	-110
D4:68:4D:3E:89:58	-110
D4:68:4D:3E:89:58	-110
D4:68:4D:3E:89:58	-110
D4:68:4D:3E:89:58	-110
D4:68:4D:3E:8A:68	-31
D4:68:4D:3E:8A:68	-31
D4:68:4D:3E:8A:68	-31
D4:68:4D:3E:8A:68	-32
D4:68:4D:3E:8A:68	-32
D4:68:4D:3E:8A:68	-32
D4:68:4D:3E:8A:68	-32
D4:68:4D:3E:8A:68	-33
D4:68:4D:3E:8A:68	-33
D4:68:4D:3E:8A:68	-33
D4:68:4D:3E:8A:68	-33
D4:68:4D:3E:8A:6C	-47
D4:68:4D:3E:8A:6C	-49
D4:68:4D:3E:8A:6C	-49
D4:68:4D:3E:8A:6C	-50
D4:68:4D:3E:8A:6C	-50
D4:68:4D:3E:8A:6C	-50
D4:68:4D:3E:8A:6C	-50
D4:68:4D:3E:8A:6C	-50
D4:68:4D:3E:8A:6C	-50
D4:68:4D:3E:8A:6C	-50
D4:68:4D:3E:8A:6C	-50
D4:68:4D:3E:8B:48	-110
D4:68:4D:3E:8B:48	-110
D4:68:4D:3E:8B:48	-110
D4:68:4D:3E:8B:48	-110
D4:68:4D:3E:8B:48	-110
D4:68:4D:3E:8B:48	-110
D4:68:4D:3E:8B:48	-110
D4:68:4D:3E:8B:48	-110
D4:68:4D:3E:8B:48	-110
D4:68:4D:3E:8B:48	-110
D4:68:4D:3E:8B:48	-110
D4:68:4D:3E:8B:4C	-110
D4:68:4D:3E:8B:4C	-110
D4:68:4D:3E:8B:4C	-110
D4:68:4D:3E:8B:4C	-110
D4:68:4D:3E:8B:4C	-110
D4:68:4D:3E:8B:4C	-110
D4:68:4D:3E:8B:4C	-110
D4:68:4D:3E:8B:4C	-110
D4:68:4D:3E:8B:4C	-110
D4:68:4D:3E:8B:4C	-110
D4:68:4D:3E:8B:4C	-110
D4:68:4D:3E:8C:88	-68
D4:68:4D:3E:8C:88	-70
D4:68:4D:3E:8C:88	-70
D4:68:4D:3E:8C:88	-71
D4:68:4D:3E:8C:88	-72
D4:68:4D:3E:8C:88	-72
D4:68:4D:3E:8C:88	-72
D4:68:4D:3E:8C:88	-72
D4:68:4D:3E:8C:88	-72
D4:68:4D:3E:8C:88	-73
D4:68:4D:3E:8C:88	-73
D4:68:4D:3E:8C:8C	-110
D4:68:4D:3E:8C:8C	-110
D4:68:4D:3E:8C:8C	-110
D4:68:4D:3E:8C:8C	-110
D4:68:4D:3E:8C:8C	-110
D4:68:4D:3E:8C:8C	-110
D4:68:4D:3E:8C:8C	-110
D4:68:4D:3E:8C:8C	-110
D4:68:4D:3E:8C:8C	-110
D4:68:4D:3E:8C:8C	-110
D4:68:4D:3E:8C:8C	-110
D4:68:4D:3E:8E:38	-110
D4:68:4D:3E:8E:38	-110
D4:68:4D:3E:8E:38	-110
D4:68:4D:3E:8E:38	-110
D4:68:4D:3E:8E:38	-110
D4:68:4D:3E:8E:38	-110
D4:68:4D:3E:8E:38	-110
D4:68:4D:3E:8E:38	-110
D4:68:4D:3E:8E:38	-110
D4:68:4D:3E:8E:38	-110
D4:68:4D:3E:8E:38	-110
D4:68:4D:3E:8E:88	-73
D4:68:4D:3E:8E:88	-73
D4:68:4D:3E:8E:88	-74
D4:68:4D:3E:8E:88	-74
D4:68:4D:3E:8E:88	-74
D4:68:4D:3E:8E:88	-74
D4:68:4D:3E:8E:88	-74
D4:68:4D:3E:8E:88	-74
D4:68:4D:3E:8E:88	-74
D4:68:4D:3E:8E:88	-75
D4:68:4D:3E:8E:88	-75
D4:68:4D:3E:8E:8C	-85
D4:68:4D:3E:8E:8C	-86
D4:68:4D:3E:8E:8C	-86
D4:68:4D:3E:8E:8C	-86
D4:68:4D:3E:8E:8C	-86
D4:68:4D:3E:8E:8C	-86
D4:68:4D:3E:8E:8C	-86
D4:68:4D:3E:8E:8C	-86
D4:68:4D:3E:8E:8C	-86
D4:68:4D:3E:8E:8C	-87
D4:68:4D:3E:8E:8C	-87
D4:68:4D:3E:91:D8	-54
D4:68:4D:3E:91:D8	-54
D4:68:4D:3E:91:D8	-54
D4:68:4D:3E:91:D8	-55
D4:68:4D:3E:91:D8	-55
D4:68:4D:3E:91:D8	-55
D4:68:4D:3E:91:D8	-55
D4:68:4D:3E:91:D8	-55
D4:68:4D:3E:91:D8	-56
D4:68:4D:3E:91:D8	-56
D4:68:4D:3E:91:D8	-60
D4:68:4D:3E:91:DC	-71
D4:68:4D:3E:91:DC	-71
D4:68:4D:3E:91:DC	-71
D4:68:4D:3E:91:DC	-71
D4:68:4D:3E:91:DC	-71
D4:68:4D:3E:91:DC	-72
D4:68:4D:3E:91:DC	-72
D4:68:4D:3E:91:DC	-72
D4:68:4D:3E:91:DC	-72
D4:68:4D:3E:91:DC	-72
D4:68:4D:3E:91:DC	-73
D4:68:4D:3E:A3:08	-65
D4:68:4D:3E:A3:08	-65
D4:68:4D:3E:A3:08	-65
D4:68:4D:3E:A3:08	-66
D4:68:4D:3E:A3:08	-66
D4:68:4D:3E:A3:08	-66
D4:68:4D:3E:A3:08	-66
D4:68:4D:3E:A3:08	-67
D4:68:4D:3E:A3:08	-67
D4:68:4D:3E:A3:08	-67
D4:68:4D:3E:A3:08	-67
D4:68:4D:3E:A3:0C	-110
D4:68:4D:3E:A3:0C	-110
D4:68:4D:3E:A3:0C	-110
D4:68:4D:3E:A3:0C	-110
D4:68:4D:3E:A3:0C	-110
D4:68:4D:3E:A3:0C	-110
D4:68:4D:3E:A3:0C	-110
D4:68:4D:3E:A3:0C	-110
D4:68:4D:3E:A3:0C	-110
D4:68:4D:3E:A3:0C	-110
D4:68:4D:3E:A3:0C	-110
D4:68:4D:3E:A3:C8	-87
D4:68:4D:3E:A3:C8	-87
D4:68:4D:3E:A3:C8	-87
D4:68:4D:3E:A3:C8	-87
D4:68:4D:3E:A3:C8	-110
D4:68:4D:3E:A3:C8	-110
D4:68:4D:3E:A3:C8	-110
D4:68:4D:3E:A3:C8	-110
D4:68:4D:3E:A3:C8	-110
D4:68:4D:3E:A3:C8	-110
D4:68:4D:3E:A3:C8	-110
D4:68:4D:3E:A4:28	-52
D4:68:4D:3E:A4:28	-52
D4:68:4D:3E:A4:28	-53
D4:68:4D:3E:A4:28	-53
D4:68:4D:3E:A4:28	-53
D4:68:4D:3E:A4:28	-53
D4:68:4D:3E:A4:28	-53
D4:68:4D:3E:A4:28	-53
D4:68:4D:3E:A4:28	-54
D4:68:4D:3E:A4:28	-54
D4:68:4D:3E:A4:28	-63
D4:68:4D:3E:A4:2C	-71
D4:68:4D:3E:A4:2C	-73
D4:68:4D:3E:A4:2C	-73
D4:68:4D:3E:A4:2C	-73
D4:68:4D:3E:A4:2C	-73
D4:68:4D:3E:A4:2C	-74
D4:68:4D:3E:A4:2C	-74
D4:68:4D:3E:A4:2C	-74
D4:68:4D:3E:A4:2C	-74
D4:68:4D:3E:A4:2C	-74
D4:68:4D:3E:A4:2C	-74
D4:68:4D:3E:A5:08	-84
D4:68:4D:3E:A5:08	-84
D4:68:4D:3E:A5:08	-84
D4:68:4D:3E:A5:08	-84
D4:68:4D:3E:A5:08	-85
D4:68:4D:3E:A5:08	-85
D4:68:4D:3E:A5:08	-85
D4:68:4D:3E:A5:08	-85
D4:68:4D:3E:A5:08	-86
D4:68:4D:3E:A5:08	-86
D4:68:4D:3E:A5:08	-110
D4:68:4D:3E:A6:38	-55
D4:68:4D:3E:A6:38	-55
D4:68:4D:3E:A6:38	-58
D4:68:4D:3E:A6:38	-59
D4:68:4D:3E:A6:38	-60
D4:68:4D:3E:A6:38	-60
D4:68:4D:3E:A6:38	-60
D4:68:4D:3E:A6:38	-61
D4:68:4D:3E:A6:38	-61
D4:68:4D:3E:A6:38	-62
D4:68:4D:3E:A6:38	-62
D4:68:4D:3E:A6:3C	-80
D4:68:4D:3E:A6:3C	-80
D4:68:4D:3E:A6:3C	-81
D4:68:4D:3E:A6:3C	-81
D4:68:4D:3E:A6:3C	-81
D4:68:4D:3E:A6:3C	-81
D4:68:4D:3E:A6:3C	-81
D4:68:4D:3E:A6:3C	-81
D4:68:4D:3E:A6:3C	-81
D4:68:4D:3E:A6:3C	-81
D4:68:4D:3E:A6:3C	-110
D4:68:4D:3E:A6:88	-83
D4:68:4D:3E:A6:88	-83
D4:68:4D:3E:A6:88	-83
D4:68:4D:3E:A6:88	-83
D4:68:4D:3E:A6:88	-84
D4:68:4D:3E:A6:88	-84
D4:68:4D:3E:A6:88	-86
D4:68:4D:3E:A6:88	-86
D4:68:4D:3E:A6:88	-110
D4:68:4D:3E:A6:88	-110
D4:68:4D:3E:A6:88	-110
D4:68:4D:3E:A6:8C	-87
D4:68:4D:3E:A6:8C	-88
D4:68:4D:3E:A6:8C	-88
D4:68:4D:3E:A6:8C	-88
D4:68:4D:3E:A6:8C	-88
D4:68:4D:3E:A6:8C	-88
D4:68:4D:3E:A6:8C	-88
D4:68:4D:3E:A6:8C	-89
D4:68:4D:3E:A6:8C	-89
D4:68:4D:3E:A6:8C	-89
D4:68:4D:3E:A6:8C	-89
D4:68:4D:3E:A7:B8	-84
D4:68:4D:3E:A7:B8	-84
D4:68:4D:3E:A7:B8	-84
D4:68:4D:3E:A7:B8	-84
D4:68:4D:3E:A7:B8	-110
D4:68:4D:3E:A7:B8	-110
D4:68:4D:3E:A7:B8	-110
D4:68:4D:3E:A7:B8	-110
D4:68:4D:3E:A7:B8	-110
D4:68:4D:3E:A7:B8	-110
D4:68:4D:3E:A7:B8	-110
DA:32:E3:A7:A9:26	-110
DA:32:E3:A7:A9:26	-110
DA:32:E3:A7:A9:26	-110
DA:32:E3:A7:A9:26	-110
DA:32:E3:A7:A9:26	-110
DA:32:E3:A7:A9:26	-110
DA:32:E3:A7:A9:26	-110
DA:32:E3:A7:A9:26	-110
DA:32:E3:A7:A9:26	-110
DA:32:E3:A7:A9:26	-110
DA:32:E3:A7:A9:26	-110
